PSR_ID,PSR_Ref,PSR_Amount,PSR_Invoice,PSR_Counterparty,PSR_Date,CAMT_NtryId,CAMT_EndToEndId,CAMT_Amount,CAMT_Counterparty,CAMT_Remittance,CAMT_Date,Scenario,Expected_Match_Type
TX-2027-0001,PMT-REF-001,1010,INV-2027-0001,Standard Corp 1,2026-06-10,NTRY-001,TX-2027-0001,1010,Standard Corp 1,PMT-REF-001 INV-2027-0001,2026-06-10,Direct Match - Exact ETE ID,Auto-Close
TX-2027-0002,PMT-REF-002,1020,INV-2027-0002,Standard Corp 2,2026-06-10,NTRY-002,TX-2027-0002,1020,Standard Corp 2,PMT-REF-002 INV-2027-0002,2026-06-10,Direct Match - Exact ETE ID,Auto-Close
TX-2027-0003,PMT-REF-003,1030,INV-2027-0003,Standard Corp 3,2026-06-10,NTRY-003,TX-2027-0003,1030,Standard Corp 3,PMT-REF-003 INV-2027-0003,2026-06-10,Direct Match - Exact ETE ID,Auto-Close
TX-2027-0004,PMT-REF-004,1040,INV-2027-0004,Standard Corp 4,2026-06-10,NTRY-004,TX-2027-0004,1040,Standard Corp 4,PMT-REF-004 INV-2027-0004,2026-06-10,Direct Match - Exact ETE ID,Auto-Close
TX-2027-0005,PMT-REF-005,1050,INV-2027-0005,Standard Corp 5,2026-06-10,NTRY-005,TX-2027-0005,1050,Standard Corp 5,PMT-REF-005 INV-2027-0005,2026-06-10,Direct Match - Exact ETE ID,Auto-Close
TX-2027-0006,PMT-REF-006,1060,INV-2027-0006,Standard Corp 6,2026-06-10,NTRY-006,TX-2027-0006,1060,Standard Corp 6,PMT-REF-006 INV-2027-0006,2026-06-10,Direct Match - Exact ETE ID,Auto-Close
TX-2027-0007,PMT-REF-007,1070,INV-2027-0007,Standard Corp 7,2026-06-10,NTRY-007,TX-2027-0007,1070,Standard Corp 7,PMT-REF-007 INV-2027-0007,2026-06-10,Direct Match - Exact ETE ID,Auto-Close
TX-2027-0008,PMT-REF-008,1080,INV-2027-0008,Standard Corp 8,2026-06-10,NTRY-008,TX-2027-0008,1080,Standard Corp 8,PMT-REF-008 INV-2027-0008,2026-06-10,Direct Match - Exact ETE ID,Auto-Close
TX-2027-0009,PMT-REF-009,1090,INV-2027-0009,Standard Corp 9,2026-06-10,NTRY-009,TX-2027-0009,1090,Standard Corp 9,PMT-REF-009 INV-2027-0009,2026-06-10,Direct Match - Exact ETE ID,Auto-Close
TX-2027-0010,PMT-REF-010,1100,INV-2027-0010,Standard Corp 10,2026-06-10,NTRY-010,TX-2027-0010,1100,Standard Corp 10,PMT-REF-010 INV-2027-0010,2026-06-10,Direct Match - Exact ETE ID,Auto-Close
TX-2027-0011,PMT-REF-011,1110,INV-2027-0011,Standard Corp 11,2026-06-10,NTRY-011,TX-2027-0011,1110,Standard Corp 11,PMT-REF-011 INV-2027-0011,2026-06-10,Direct Match - Exact ETE ID,Auto-Close
TX-2027-0012,PMT-REF-012,1120,INV-2027-0012,Standard Corp 12,2026-06-10,NTRY-012,TX-2027-0012,1120,Standard Corp 12,PMT-REF-012 INV-2027-0012,2026-06-10,Direct Match - Exact ETE ID,Auto-Close
TX-2027-0013,PMT-REF-013,1130,INV-2027-0013,Standard Corp 13,2026-06-10,NTRY-013,TX-2027-0013,1130,Standard Corp 13,PMT-REF-013 INV-2027-0013,2026-06-10,Direct Match - Exact ETE ID,Auto-Close
TX-2027-0014,PMT-REF-014,1140,INV-2027-0014,Standard Corp 14,2026-06-10,NTRY-014,TX-2027-0014,1140,Standard Corp 14,PMT-REF-014 INV-2027-0014,2026-06-10,Direct Match - Exact ETE ID,Auto-Close
TX-2027-0015,PMT-REF-015,1150,INV-2027-0015,Standard Corp 15,2026-06-10,NTRY-015,TX-2027-0015,1150,Standard Corp 15,PMT-REF-015 INV-2027-0015,2026-06-10,Direct Match - Exact ETE ID,Auto-Close
TX-2027-0016,PMT-REF-016,1160,INV-2027-0016,Standard Corp 16,2026-06-10,NTRY-016,TX-2027-0016,1160,Standard Corp 16,PMT-REF-016 INV-2027-0016,2026-06-10,Direct Match - Exact ETE ID,Auto-Close
TX-2027-0017,PMT-REF-017,1170,INV-2027-0017,Standard Corp 17,2026-06-10,NTRY-017,TX-2027-0017,1170,Standard Corp 17,PMT-REF-017 INV-2027-0017,2026-06-10,Direct Match - Exact ETE ID,Auto-Close
TX-2027-0018,PMT-REF-018,1180,INV-2027-0018,Standard Corp 18,2026-06-10,NTRY-018,TX-2027-0018,1180,Standard Corp 18,PMT-REF-018 INV-2027-0018,2026-06-10,Direct Match - Exact ETE ID,Auto-Close
TX-2027-0019,PMT-REF-019,1190,INV-2027-0019,Standard Corp 19,2026-06-10,NTRY-019,TX-2027-0019,1190,Standard Corp 19,PMT-REF-019 INV-2027-0019,2026-06-10,Direct Match - Exact ETE ID,Auto-Close
TX-2027-0020,PMT-REF-020,1200,INV-2027-0020,Standard Corp 20,2026-06-10,NTRY-020,TX-2027-0020,1200,Standard Corp 20,PMT-REF-020 INV-2027-0020,2026-06-10,Direct Match - Exact ETE ID,Auto-Close
TX-2027-0021,PMT-REF-021,1210,INV-2027-0021,Standard Corp 21,2026-06-10,NTRY-021,TX-2027-0021,1210,Standard Corp 21,PMT-REF-021 INV-2027-0021,2026-06-10,Direct Match - Exact ETE ID,Auto-Close
TX-2027-0022,PMT-REF-022,1220,INV-2027-0022,Standard Corp 22,2026-06-10,NTRY-022,TX-2027-0022,1220,Standard Corp 22,PMT-REF-022 INV-2027-0022,2026-06-10,Direct Match - Exact ETE ID,Auto-Close
TX-2027-0023,PMT-REF-023,1230,INV-2027-0023,Standard Corp 23,2026-06-10,NTRY-023,TX-2027-0023,1230,Standard Corp 23,PMT-REF-023 INV-2027-0023,2026-06-10,Direct Match - Exact ETE ID,Auto-Close
TX-2027-0024,PMT-REF-024,1240,INV-2027-0024,Standard Corp 24,2026-06-10,NTRY-024,TX-2027-0024,1240,Standard Corp 24,PMT-REF-024 INV-2027-0024,2026-06-10,Direct Match - Exact ETE ID,Auto-Close
TX-2027-0025,PMT-REF-025,1250,INV-2027-0025,Standard Corp 25,2026-06-10,NTRY-025,TX-2027-0025,1250,Standard Corp 25,PMT-REF-025 INV-2027-0025,2026-06-10,Direct Match - Exact ETE ID,Auto-Close
TX-2027-0026,PMT-REF-026,1260,INV-2027-0026,Standard Corp 26,2026-06-10,NTRY-026,TX-2027-0026,1260,Standard Corp 26,PMT-REF-026 INV-2027-0026,2026-06-10,Direct Match - Exact ETE ID,Auto-Close
TX-2027-0027,PMT-REF-027,1270,INV-2027-0027,Standard Corp 27,2026-06-10,NTRY-027,TX-2027-0027,1270,Standard Corp 27,PMT-REF-027 INV-2027-0027,2026-06-10,Direct Match - Exact ETE ID,Auto-Close
TX-2027-0028,PMT-REF-028,1280,INV-2027-0028,Standard Corp 28,2026-06-10,NTRY-028,TX-2027-0028,1280,Standard Corp 28,PMT-REF-028 INV-2027-0028,2026-06-10,Direct Match - Exact ETE ID,Auto-Close
TX-2027-0029,PMT-REF-029,1290,INV-2027-0029,Standard Corp 29,2026-06-10,NTRY-029,TX-2027-0029,1290,Standard Corp 29,PMT-REF-029 INV-2027-0029,2026-06-10,Direct Match - Exact ETE ID,Auto-Close
TX-2027-0030,PMT-REF-030,1300,INV-2027-0030,Standard Corp 30,2026-06-10,NTRY-030,TX-2027-0030,1300,Standard Corp 30,PMT-REF-030 INV-2027-0030,2026-06-10,Direct Match - Exact ETE ID,Auto-Close
TX-2027-0031,PMT-REF-031,1310,INV-2027-0031,Standard Corp 31,2026-06-10,NTRY-031,TX-2027-0031,1310,Standard Corp 31,PMT-REF-031 INV-2027-0031,2026-06-10,Direct Match - Exact ETE ID,Auto-Close
TX-2027-0032,PMT-REF-032,1320,INV-2027-0032,Standard Corp 32,2026-06-10,NTRY-032,TX-2027-0032,1320,Standard Corp 32,PMT-REF-032 INV-2027-0032,2026-06-10,Direct Match - Exact ETE ID,Auto-Close
TX-2027-0033,PMT-REF-033,1330,INV-2027-0033,Standard Corp 33,2026-06-10,NTRY-033,TX-2027-0033,1330,Standard Corp 33,PMT-REF-033 INV-2027-0033,2026-06-10,Direct Match - Exact ETE ID,Auto-Close
TX-2027-0034,PMT-REF-034,1340,INV-2027-0034,Standard Corp 34,2026-06-10,NTRY-034,TX-2027-0034,1340,Standard Corp 34,PMT-REF-034 INV-2027-0034,2026-06-10,Direct Match - Exact ETE ID,Auto-Close
TX-2027-0035,PMT-REF-035,1350,INV-2027-0035,Standard Corp 35,2026-06-10,NTRY-035,TX-2027-0035,1350,Standard Corp 35,PMT-REF-035 INV-2027-0035,2026-06-10,Direct Match - Exact ETE ID,Auto-Close
TX-2027-0036,PMT-REF-036,1360,INV-2027-0036,Standard Corp 36,2026-06-10,NTRY-036,TX-2027-0036,1360,Standard Corp 36,PMT-REF-036 INV-2027-0036,2026-06-10,Direct Match - Exact ETE ID,Auto-Close
TX-2027-0037,PMT-REF-037,1370,INV-2027-0037,Standard Corp 37,2026-06-10,NTRY-037,TX-2027-0037,1370,Standard Corp 37,PMT-REF-037 INV-2027-0037,2026-06-10,Direct Match - Exact ETE ID,Auto-Close
TX-2027-0038,PMT-REF-038,1380,INV-2027-0038,Standard Corp 38,2026-06-10,NTRY-038,TX-2027-0038,1380,Standard Corp 38,PMT-REF-038 INV-2027-0038,2026-06-10,Direct Match - Exact ETE ID,Auto-Close
TX-2027-0039,PMT-REF-039,1390,INV-2027-0039,Standard Corp 39,2026-06-10,NTRY-039,TX-2027-0039,1390,Standard Corp 39,PMT-REF-039 INV-2027-0039,2026-06-10,Direct Match - Exact ETE ID,Auto-Close
TX-2027-0040,PMT-REF-040,1400,INV-2027-0040,Standard Corp 40,2026-06-10,NTRY-040,TX-2027-0040,1400,Standard Corp 40,PMT-REF-040 INV-2027-0040,2026-06-10,Direct Match - Exact ETE ID,Auto-Close
TX-2027-0041,PMT-REF-041,1410,INV-2027-0041,Standard Corp 41,2026-06-10,NTRY-041,TX-2027-0041,1410,Standard Corp 41,PMT-REF-041 INV-2027-0041,2026-06-10,Direct Match - Exact ETE ID,Auto-Close
TX-2027-0042,PMT-REF-042,1420,INV-2027-0042,Standard Corp 42,2026-06-10,NTRY-042,TX-2027-0042,1420,Standard Corp 42,PMT-REF-042 INV-2027-0042,2026-06-10,Direct Match - Exact ETE ID,Auto-Close
TX-2027-0043,PMT-REF-043,1430,INV-2027-0043,Standard Corp 43,2026-06-10,NTRY-043,TX-2027-0043,1430,Standard Corp 43,PMT-REF-043 INV-2027-0043,2026-06-10,Direct Match - Exact ETE ID,Auto-Close
TX-2027-0044,PMT-REF-044,1440,INV-2027-0044,Standard Corp 44,2026-06-10,NTRY-044,TX-2027-0044,1440,Standard Corp 44,PMT-REF-044 INV-2027-0044,2026-06-10,Direct Match - Exact ETE ID,Auto-Close
TX-2027-0045,PMT-REF-045,1450,INV-2027-0045,Standard Corp 45,2026-06-10,NTRY-045,TX-2027-0045,1450,Standard Corp 45,PMT-REF-045 INV-2027-0045,2026-06-10,Direct Match - Exact ETE ID,Auto-Close
TX-2027-0046,PMT-REF-046,1460,INV-2027-0046,Standard Corp 46,2026-06-10,NTRY-046,TX-2027-0046,1460,Standard Corp 46,PMT-REF-046 INV-2027-0046,2026-06-10,Direct Match - Exact ETE ID,Auto-Close
TX-2027-0047,PMT-REF-047,1470,INV-2027-0047,Standard Corp 47,2026-06-10,NTRY-047,TX-2027-0047,1470,Standard Corp 47,PMT-REF-047 INV-2027-0047,2026-06-10,Direct Match - Exact ETE ID,Auto-Close
TX-2027-0048,PMT-REF-048,1480,INV-2027-0048,Standard Corp 48,2026-06-10,NTRY-048,TX-2027-0048,1480,Standard Corp 48,PMT-REF-048 INV-2027-0048,2026-06-10,Direct Match - Exact ETE ID,Auto-Close
TX-2027-0049,PMT-REF-049,1490,INV-2027-0049,Standard Corp 49,2026-06-10,NTRY-049,TX-2027-0049,1490,Standard Corp 49,PMT-REF-049 INV-2027-0049,2026-06-10,Direct Match - Exact ETE ID,Auto-Close
TX-2027-0050,PMT-REF-050,1500,INV-2027-0050,Standard Corp 50,2026-06-10,NTRY-050,TX-2027-0050,1500,Standard Corp 50,PMT-REF-050 INV-2027-0050,2026-06-10,Direct Match - Exact ETE ID,Auto-Close
TX-2027-0051,PMT-REF-051,1510,INV-2027-0051,Standard Corp 51,2026-06-10,NTRY-051,TX-2027-0051,1510,Standard Corp 51,PMT-REF-051 INV-2027-0051,2026-06-10,Direct Match - Exact ETE ID,Auto-Close
TX-2027-0052,PMT-REF-052,1520,INV-2027-0052,Standard Corp 52,2026-06-10,NTRY-052,TX-2027-0052,1520,Standard Corp 52,PMT-REF-052 INV-2027-0052,2026-06-10,Direct Match - Exact ETE ID,Auto-Close
TX-2027-0053,PMT-REF-053,1530,INV-2027-0053,Standard Corp 53,2026-06-10,NTRY-053,TX-2027-0053,1530,Standard Corp 53,PMT-REF-053 INV-2027-0053,2026-06-10,Direct Match - Exact ETE ID,Auto-Close
TX-2027-0054,PMT-REF-054,1540,INV-2027-0054,Standard Corp 54,2026-06-10,NTRY-054,TX-2027-0054,1540,Standard Corp 54,PMT-REF-054 INV-2027-0054,2026-06-10,Direct Match - Exact ETE ID,Auto-Close
TX-2027-0055,PMT-REF-055,1550,INV-2027-0055,Standard Corp 55,2026-06-10,NTRY-055,TX-2027-0055,1550,Standard Corp 55,PMT-REF-055 INV-2027-0055,2026-06-10,Direct Match - Exact ETE ID,Auto-Close
TX-2027-0056,PMT-REF-056,1560,INV-2027-0056,Standard Corp 56,2026-06-10,NTRY-056,TX-2027-0056,1560,Standard Corp 56,PMT-REF-056 INV-2027-0056,2026-06-10,Direct Match - Exact ETE ID,Auto-Close
TX-2027-0057,PMT-REF-057,1570,INV-2027-0057,Standard Corp 57,2026-06-10,NTRY-057,TX-2027-0057,1570,Standard Corp 57,PMT-REF-057 INV-2027-0057,2026-06-10,Direct Match - Exact ETE ID,Auto-Close
TX-2027-0058,PMT-REF-058,1580,INV-2027-0058,Standard Corp 58,2026-06-10,NTRY-058,TX-2027-0058,1580,Standard Corp 58,PMT-REF-058 INV-2027-0058,2026-06-10,Direct Match - Exact ETE ID,Auto-Close
TX-2027-0059,PMT-REF-059,1590,INV-2027-0059,Standard Corp 59,2026-06-10,NTRY-059,TX-2027-0059,1590,Standard Corp 59,PMT-REF-059 INV-2027-0059,2026-06-10,Direct Match - Exact ETE ID,Auto-Close
TX-2027-0060,PMT-REF-060,1600,INV-2027-0060,Standard Corp 60,2026-06-10,NTRY-060,TX-2027-0060,1600,Standard Corp 60,PMT-REF-060 INV-2027-0060,2026-06-10,Direct Match - Exact ETE ID,Auto-Close
TX-2027-0061,PMT-REF-061,1610,INV-2027-0061,Standard Corp 61,2026-06-10,NTRY-061,TX-2027-0061,1610,Standard Corp 61,PMT-REF-061 INV-2027-0061,2026-06-10,Direct Match - Exact ETE ID,Auto-Close
TX-2027-0062,PMT-REF-062,1620,INV-2027-0062,Standard Corp 62,2026-06-10,NTRY-062,TX-2027-0062,1620,Standard Corp 62,PMT-REF-062 INV-2027-0062,2026-06-10,Direct Match - Exact ETE ID,Auto-Close
TX-2027-0063,PMT-REF-063,1630,INV-2027-0063,Standard Corp 63,2026-06-10,NTRY-063,TX-2027-0063,1630,Standard Corp 63,PMT-REF-063 INV-2027-0063,2026-06-10,Direct Match - Exact ETE ID,Auto-Close
TX-2027-0064,PMT-REF-064,1640,INV-2027-0064,Standard Corp 64,2026-06-10,NTRY-064,TX-2027-0064,1640,Standard Corp 64,PMT-REF-064 INV-2027-0064,2026-06-10,Direct Match - Exact ETE ID,Auto-Close
TX-2027-0065,PMT-REF-065,1650,INV-2027-0065,Standard Corp 65,2026-06-10,NTRY-065,TX-2027-0065,1650,Standard Corp 65,PMT-REF-065 INV-2027-0065,2026-06-10,Direct Match - Exact ETE ID,Auto-Close
TX-2027-0066,PMT-REF-066,1660,INV-2027-0066,Standard Corp 66,2026-06-10,NTRY-066,TX-2027-0066,1660,Standard Corp 66,PMT-REF-066 INV-2027-0066,2026-06-10,Direct Match - Exact ETE ID,Auto-Close
TX-2027-0067,PMT-REF-067,1670,INV-2027-0067,Standard Corp 67,2026-06-10,NTRY-067,TX-2027-0067,1670,Standard Corp 67,PMT-REF-067 INV-2027-0067,2026-06-10,Direct Match - Exact ETE ID,Auto-Close
TX-2027-0068,PMT-REF-068,1680,INV-2027-0068,Standard Corp 68,2026-06-10,NTRY-068,TX-2027-0068,1680,Standard Corp 68,PMT-REF-068 INV-2027-0068,2026-06-10,Direct Match - Exact ETE ID,Auto-Close
TX-2027-0069,PMT-REF-069,1690,INV-2027-0069,Standard Corp 69,2026-06-10,NTRY-069,TX-2027-0069,1690,Standard Corp 69,PMT-REF-069 INV-2027-0069,2026-06-10,Direct Match - Exact ETE ID,Auto-Close
TX-2027-0070,PMT-REF-070,1700,INV-2027-0070,Standard Corp 70,2026-06-10,NTRY-070,TX-2027-0070,1700,Standard Corp 70,PMT-REF-070 INV-2027-0070,2026-06-10,Direct Match - Exact ETE ID,Auto-Close
TX-2027-0071,PMT-REF-071,1710,INV-2027-0071,Standard Corp 71,2026-06-10,NTRY-071,TX-2027-0071,1710,Standard Corp 71,PMT-REF-071 INV-2027-0071,2026-06-10,Direct Match - Exact ETE ID,Auto-Close
TX-2027-0072,PMT-REF-072,1720,INV-2027-0072,Standard Corp 72,2026-06-10,NTRY-072,TX-2027-0072,1720,Standard Corp 72,PMT-REF-072 INV-2027-0072,2026-06-10,Direct Match - Exact ETE ID,Auto-Close
TX-2027-0073,PMT-REF-073,1730,INV-2027-0073,Standard Corp 73,2026-06-10,NTRY-073,TX-2027-0073,1730,Standard Corp 73,PMT-REF-073 INV-2027-0073,2026-06-10,Direct Match - Exact ETE ID,Auto-Close
TX-2027-0074,PMT-REF-074,1740,INV-2027-0074,Standard Corp 74,2026-06-10,NTRY-074,TX-2027-0074,1740,Standard Corp 74,PMT-REF-074 INV-2027-0074,2026-06-10,Direct Match - Exact ETE ID,Auto-Close
TX-2027-0075,PMT-REF-075,1750,INV-2027-0075,Standard Corp 75,2026-06-10,NTRY-075,TX-2027-0075,1750,Standard Corp 75,PMT-REF-075 INV-2027-0075,2026-06-10,Direct Match - Exact ETE ID,Auto-Close
TX-2027-0076,PMT-REF-076,1760,INV-2027-0076,Standard Corp 76,2026-06-10,NTRY-076,TX-2027-0076,1760,Standard Corp 76,PMT-REF-076 INV-2027-0076,2026-06-10,Direct Match - Exact ETE ID,Auto-Close
TX-2027-0077,PMT-REF-077,1770,INV-2027-0077,Standard Corp 77,2026-06-10,NTRY-077,TX-2027-0077,1770,Standard Corp 77,PMT-REF-077 INV-2027-0077,2026-06-10,Direct Match - Exact ETE ID,Auto-Close
TX-2027-0078,PMT-REF-078,1780,INV-2027-0078,Standard Corp 78,2026-06-10,NTRY-078,TX-2027-0078,1780,Standard Corp 78,PMT-REF-078 INV-2027-0078,2026-06-10,Direct Match - Exact ETE ID,Auto-Close
TX-2027-0079,PMT-REF-079,1790,INV-2027-0079,Standard Corp 79,2026-06-10,NTRY-079,TX-2027-0079,1790,Standard Corp 79,PMT-REF-079 INV-2027-0079,2026-06-10,Direct Match - Exact ETE ID,Auto-Close
TX-2027-0080,PMT-REF-080,1800,INV-2027-0080,Standard Corp 80,2026-06-10,NTRY-080,TX-2027-0080,1800,Standard Corp 80,PMT-REF-080 INV-2027-0080,2026-06-10,Direct Match - Exact ETE ID,Auto-Close
TX-2027-0081,PMT-FZ-081,3215,INV-FZ-0081,Tech Solutions 81,2026-06-10,NTRY-FZ-081,ETE-FZ-0081,3215,Solutions Tech 81,Payment for invoice 0081 from Solutions Tech 81,2026-06-10,Partial Match - Entity suffix / word order,Suggested Match/Fuzzy
TX-2027-0082,PMT-FZ-082,3230,INV-FZ-0082,Acme Supply 82,2026-06-10,NTRY-FZ-082,ETE-FZ-0082,3230,Acme Supply 82 Ltd,Payment for invoice 0082 from Acme Supply 82 Ltd,2026-06-10,Partial Match - Entity suffix / word order,Suggested Match/Fuzzy
TX-2027-0083,PMT-FZ-083,3245,INV-FZ-0083,Tech Solutions 83,2026-06-10,NTRY-FZ-083,ETE-FZ-0083,3245,Solutions Tech 83,Payment for invoice 0083 from Solutions Tech 83,2026-06-10,Partial Match - Entity suffix / word order,Suggested Match/Fuzzy
TX-2027-0084,PMT-FZ-084,3260,INV-FZ-0084,Acme Supply 84,2026-06-10,NTRY-FZ-084,ETE-FZ-0084,3260,Acme Supply 84 LLC,Payment for invoice 0084 from Acme Supply 84 LLC,2026-06-10,Partial Match - Entity suffix / word order,Suggested Match/Fuzzy
TX-2027-0085,PMT-FZ-085,3275,INV-FZ-0085,Tech Solutions 85,2026-06-10,NTRY-FZ-085,ETE-FZ-0085,3275,Solutions Tech 85,Payment for invoice 0085 from Solutions Tech 85,2026-06-10,Partial Match - Entity suffix / word order,Suggested Match/Fuzzy
TX-2027-0086,PMT-FZ-086,3290,INV-FZ-0086,Acme Supply 86,2026-06-10,NTRY-FZ-086,ETE-FZ-0086,3290,Acme Supply 86 Plc,Payment for invoice 0086 from Acme Supply 86 Plc,2026-06-10,Partial Match - Entity suffix / word order,Suggested Match/Fuzzy
TX-2027-0087,PMT-FZ-087,3305,INV-FZ-0087,Tech Solutions 87,2026-06-10,NTRY-FZ-087,ETE-FZ-0087,3305,Solutions Tech 87,Payment for invoice 0087 from Solutions Tech 87,2026-06-10,Partial Match - Entity suffix / word order,Suggested Match/Fuzzy
TX-2027-0088,PMT-FZ-088,3320,INV-FZ-0088,Acme Supply 88,2026-06-10,NTRY-FZ-088,ETE-FZ-0088,3320,Acme Supply 88 Plc,Payment for invoice 0088 from Acme Supply 88 Plc,2026-06-10,Partial Match - Entity suffix / word order,Suggested Match/Fuzzy
TX-2027-0089,PMT-FZ-089,3335,INV-FZ-0089,Tech Solutions 89,2026-06-10,NTRY-FZ-089,ETE-FZ-0089,3335,Solutions Tech 89,Payment for invoice 0089 from Solutions Tech 89,2026-06-10,Partial Match - Entity suffix / word order,Suggested Match/Fuzzy
TX-2027-0090,PMT-FZ-090,3350,INV-FZ-0090,Acme Supply 90,2026-06-10,NTRY-FZ-090,ETE-FZ-0090,3350,Acme Supply 90 Ltd,Payment for invoice 0090 from Acme Supply 90 Ltd,2026-06-10,Partial Match - Entity suffix / word order,Suggested Match/Fuzzy
TX-2027-0091,PMT-FZ-091,3365,INV-FZ-0091,Tech Solutions 91,2026-06-10,NTRY-FZ-091,ETE-FZ-0091,3365,Solutions Tech 91,Payment for invoice 0091 from Solutions Tech 91,2026-06-10,Partial Match - Entity suffix / word order,Suggested Match/Fuzzy
TX-2027-0092,PMT-FZ-092,3380,INV-FZ-0092,Acme Supply 92,2026-06-10,NTRY-FZ-092,ETE-FZ-0092,3380,Acme Supply 92 LLC,Payment for invoice 0092 from Acme Supply 92 LLC,2026-06-10,Partial Match - Entity suffix / word order,Suggested Match/Fuzzy
TX-2027-0093,PMT-FZ-093,3395,INV-FZ-0093,Tech Solutions 93,2026-06-10,NTRY-FZ-093,ETE-FZ-0093,3395,Solutions Tech 93,Payment for invoice 0093 from Solutions Tech 93,2026-06-10,Partial Match - Entity suffix / word order,Suggested Match/Fuzzy
TX-2027-0094,PMT-FZ-094,3410,INV-FZ-0094,Acme Supply 94,2026-06-10,NTRY-FZ-094,ETE-FZ-0094,3410,Acme Supply 94 Ltd,Payment for invoice 0094 from Acme Supply 94 Ltd,2026-06-10,Partial Match - Entity suffix / word order,Suggested Match/Fuzzy
TX-2027-0095,PMT-FZ-095,3425,INV-FZ-0095,Tech Solutions 95,2026-06-10,NTRY-FZ-095,ETE-FZ-0095,3425,Solutions Tech 95,Payment for invoice 0095 from Solutions Tech 95,2026-06-10,Partial Match - Entity suffix / word order,Suggested Match/Fuzzy
TX-2027-0096,PMT-FZ-096,3440,INV-FZ-0096,Acme Supply 96,2026-06-10,NTRY-FZ-096,ETE-FZ-0096,3440,Acme Supply 96 Holdings,Payment for invoice 0096 from Acme Supply 96 Holdings,2026-06-10,Partial Match - Entity suffix / word order,Suggested Match/Fuzzy
TX-2027-0097,PMT-FZ-097,3455,INV-FZ-0097,Tech Solutions 97,2026-06-10,NTRY-FZ-097,ETE-FZ-0097,3455,Solutions Tech 97,Payment for invoice 0097 from Solutions Tech 97,2026-06-10,Partial Match - Entity suffix / word order,Suggested Match/Fuzzy
TX-2027-0098,PMT-FZ-098,3470,INV-FZ-0098,Acme Supply 98,2026-06-10,NTRY-FZ-098,ETE-FZ-0098,3470,Acme Supply 98 Ltd,Payment for invoice 0098 from Acme Supply 98 Ltd,2026-06-10,Partial Match - Entity suffix / word order,Suggested Match/Fuzzy
TX-2027-0099,PMT-FZ-099,3485,INV-FZ-0099,Tech Solutions 99,2026-06-10,NTRY-FZ-099,ETE-FZ-0099,3485,Solutions Tech 99,Payment for invoice 0099 from Solutions Tech 99,2026-06-10,Partial Match - Entity suffix / word order,Suggested Match/Fuzzy
TX-2027-0100,PMT-FZ-100,3500,INV-FZ-0100,Acme Supply 100,2026-06-10,NTRY-FZ-100,ETE-FZ-0100,3500,Acme Supply 100 Plc,Payment for invoice 0100 from Acme Supply 100 Plc,2026-06-10,Partial Match - Entity suffix / word order,Suggested Match/Fuzzy
TX-2027-0101,PMT-FZ-101,3515,INV-FZ-0101,Tech Solutions 101,2026-06-10,NTRY-FZ-101,ETE-FZ-0101,3515,Solutions Tech 101,Payment for invoice 0101 from Solutions Tech 101,2026-06-10,Partial Match - Entity suffix / word order,Suggested Match/Fuzzy
TX-2027-0102,PMT-FZ-102,3530,INV-FZ-0102,Acme Supply 102,2026-06-10,NTRY-FZ-102,ETE-FZ-0102,3530,Acme Supply 102 Inc,Payment for invoice 0102 from Acme Supply 102 Inc,2026-06-10,Partial Match - Entity suffix / word order,Suggested Match/Fuzzy
TX-2027-0103,PMT-FZ-103,3545,INV-FZ-0103,Tech Solutions 103,2026-06-10,NTRY-FZ-103,ETE-FZ-0103,3545,Solutions Tech 103,Payment for invoice 0103 from Solutions Tech 103,2026-06-10,Partial Match - Entity suffix / word order,Suggested Match/Fuzzy
TX-2027-0104,PMT-FZ-104,3560,INV-FZ-0104,Acme Supply 104,2026-06-10,NTRY-FZ-104,ETE-FZ-0104,3560,Acme Supply 104 Ltd,Payment for invoice 0104 from Acme Supply 104 Ltd,2026-06-10,Partial Match - Entity suffix / word order,Suggested Match/Fuzzy
TX-2027-0105,PMT-FZ-105,3575,INV-FZ-0105,Tech Solutions 105,2026-06-10,NTRY-FZ-105,ETE-FZ-0105,3575,Solutions Tech 105,Payment for invoice 0105 from Solutions Tech 105,2026-06-10,Partial Match - Entity suffix / word order,Suggested Match/Fuzzy
TX-2027-0106,PMT-FZ-106,3590,INV-FZ-0106,Acme Supply 106,2026-06-10,NTRY-FZ-106,ETE-FZ-0106,3590,Acme Supply 106 Plc,Payment for invoice 0106 from Acme Supply 106 Plc,2026-06-10,Partial Match - Entity suffix / word order,Suggested Match/Fuzzy
TX-2027-0107,PMT-FZ-107,3605,INV-FZ-0107,Tech Solutions 107,2026-06-10,NTRY-FZ-107,ETE-FZ-0107,3605,Solutions Tech 107,Payment for invoice 0107 from Solutions Tech 107,2026-06-10,Partial Match - Entity suffix / word order,Suggested Match/Fuzzy
TX-2027-0108,PMT-FZ-108,3620,INV-FZ-0108,Acme Supply 108,2026-06-10,NTRY-FZ-108,ETE-FZ-0108,3620,Acme Supply 108 LLC,Payment for invoice 0108 from Acme Supply 108 LLC,2026-06-10,Partial Match - Entity suffix / word order,Suggested Match/Fuzzy
TX-2027-0109,PMT-FZ-109,3635,INV-FZ-0109,Tech Solutions 109,2026-06-10,NTRY-FZ-109,ETE-FZ-0109,3635,Solutions Tech 109,Payment for invoice 0109 from Solutions Tech 109,2026-06-10,Partial Match - Entity suffix / word order,Suggested Match/Fuzzy
TX-2027-0110,PMT-FZ-110,3650,INV-FZ-0110,Acme Supply 110,2026-06-10,NTRY-FZ-110,ETE-FZ-0110,3650,Acme Supply 110 Inc,Payment for invoice 0110 from Acme Supply 110 Inc,2026-06-10,Partial Match - Entity suffix / word order,Suggested Match/Fuzzy
TX-2027-0111,PMT-FZ-111,3665,INV-FZ-0111,Tech Solutions 111,2026-06-10,NTRY-FZ-111,ETE-FZ-0111,3665,Solutions Tech 111,Payment for invoice 0111 from Solutions Tech 111,2026-06-10,Partial Match - Entity suffix / word order,Suggested Match/Fuzzy
TX-2027-0112,PMT-FZ-112,3680,INV-FZ-0112,Acme Supply 112,2026-06-10,NTRY-FZ-112,ETE-FZ-0112,3680,Acme Supply 112 Plc,Payment for invoice 0112 from Acme Supply 112 Plc,2026-06-10,Partial Match - Entity suffix / word order,Suggested Match/Fuzzy
TX-2027-0113,PMT-FZ-113,3695,INV-FZ-0113,Tech Solutions 113,2026-06-10,NTRY-FZ-113,ETE-FZ-0113,3695,Solutions Tech 113,Payment for invoice 0113 from Solutions Tech 113,2026-06-10,Partial Match - Entity suffix / word order,Suggested Match/Fuzzy
TX-2027-0114,PMT-FZ-114,3710,INV-FZ-0114,Acme Supply 114,2026-06-10,NTRY-FZ-114,ETE-FZ-0114,3710,Acme Supply 114 Inc,Payment for invoice 0114 from Acme Supply 114 Inc,2026-06-10,Partial Match - Entity suffix / word order,Suggested Match/Fuzzy
TX-2027-0115,PMT-FZ-115,3725,INV-FZ-0115,Tech Solutions 115,2026-06-10,NTRY-FZ-115,ETE-FZ-0115,3725,Solutions Tech 115,Payment for invoice 0115 from Solutions Tech 115,2026-06-10,Partial Match - Entity suffix / word order,Suggested Match/Fuzzy
TX-2027-0116,PMT-FZ-116,3740,INV-FZ-0116,Acme Supply 116,2026-06-10,NTRY-FZ-116,ETE-FZ-0116,3740,Acme Supply 116 Ltd,Payment for invoice 0116 from Acme Supply 116 Ltd,2026-06-10,Partial Match - Entity suffix / word order,Suggested Match/Fuzzy
TX-2027-0117,PMT-FZ-117,3755,INV-FZ-0117,Tech Solutions 117,2026-06-10,NTRY-FZ-117,ETE-FZ-0117,3755,Solutions Tech 117,Payment for invoice 0117 from Solutions Tech 117,2026-06-10,Partial Match - Entity suffix / word order,Suggested Match/Fuzzy
TX-2027-0118,PMT-FZ-118,3770,INV-FZ-0118,Acme Supply 118,2026-06-10,NTRY-FZ-118,ETE-FZ-0118,3770,Acme Supply 118 LLC,Payment for invoice 0118 from Acme Supply 118 LLC,2026-06-10,Partial Match - Entity suffix / word order,Suggested Match/Fuzzy
TX-2027-0119,PMT-FZ-119,3785,INV-FZ-0119,Tech Solutions 119,2026-06-10,NTRY-FZ-119,ETE-FZ-0119,3785,Solutions Tech 119,Payment for invoice 0119 from Solutions Tech 119,2026-06-10,Partial Match - Entity suffix / word order,Suggested Match/Fuzzy
TX-2027-0120,PMT-FZ-120,3800,INV-FZ-0120,Acme Supply 120,2026-06-10,NTRY-FZ-120,ETE-FZ-0120,3800,Acme Supply 120 Group,Payment for invoice 0120 from Acme Supply 120 Group,2026-06-10,Partial Match - Entity suffix / word order,Suggested Match/Fuzzy
TX-2027-0121,PMT-FZ-121,3815,INV-FZ-0121,Tech Solutions 121,2026-06-10,NTRY-FZ-121,ETE-FZ-0121,3815,Solutions Tech 121,Payment for invoice 0121 from Solutions Tech 121,2026-06-10,Partial Match - Entity suffix / word order,Suggested Match/Fuzzy
TX-2027-0122,PMT-FZ-122,3830,INV-FZ-0122,Acme Supply 122,2026-06-10,NTRY-FZ-122,ETE-FZ-0122,3830,Acme Supply 122 Plc,Payment for invoice 0122 from Acme Supply 122 Plc,2026-06-10,Partial Match - Entity suffix / word order,Suggested Match/Fuzzy
TX-2027-0123,PMT-FZ-123,3845,INV-FZ-0123,Tech Solutions 123,2026-06-10,NTRY-FZ-123,ETE-FZ-0123,3845,Solutions Tech 123,Payment for invoice 0123 from Solutions Tech 123,2026-06-10,Partial Match - Entity suffix / word order,Suggested Match/Fuzzy
TX-2027-0124,PMT-FZ-124,3860,INV-FZ-0124,Acme Supply 124,2026-06-10,NTRY-FZ-124,ETE-FZ-0124,3860,Acme Supply 124 Group,Payment for invoice 0124 from Acme Supply 124 Group,2026-06-10,Partial Match - Entity suffix / word order,Suggested Match/Fuzzy
TX-2027-0125,PMT-FZ-125,3875,INV-FZ-0125,Tech Solutions 125,2026-06-10,NTRY-FZ-125,ETE-FZ-0125,3875,Solutions Tech 125,Payment for invoice 0125 from Solutions Tech 125,2026-06-10,Partial Match - Entity suffix / word order,Suggested Match/Fuzzy
TX-2027-0126,PMT-FZ-126,3890,INV-FZ-0126,Acme Supply 126,2026-06-10,NTRY-FZ-126,ETE-FZ-0126,3890,Acme Supply 126 Ltd,Payment for invoice 0126 from Acme Supply 126 Ltd,2026-06-10,Partial Match - Entity suffix / word order,Suggested Match/Fuzzy
TX-2027-0127,PMT-FZ-127,3905,INV-FZ-0127,Tech Solutions 127,2026-06-10,NTRY-FZ-127,ETE-FZ-0127,3905,Solutions Tech 127,Payment for invoice 0127 from Solutions Tech 127,2026-06-10,Partial Match - Entity suffix / word order,Suggested Match/Fuzzy
TX-2027-0128,PMT-FZ-128,3920,INV-FZ-0128,Acme Supply 128,2026-06-10,NTRY-FZ-128,ETE-FZ-0128,3920,Acme Supply 128 Ltd,Payment for invoice 0128 from Acme Supply 128 Ltd,2026-06-10,Partial Match - Entity suffix / word order,Suggested Match/Fuzzy
TX-2027-0129,PMT-FZ-129,3935,INV-FZ-0129,Tech Solutions 129,2026-06-10,NTRY-FZ-129,ETE-FZ-0129,3935,Solutions Tech 129,Payment for invoice 0129 from Solutions Tech 129,2026-06-10,Partial Match - Entity suffix / word order,Suggested Match/Fuzzy
TX-2027-0130,PMT-FZ-130,3950,INV-FZ-0130,Acme Supply 130,2026-06-10,NTRY-FZ-130,ETE-FZ-0130,3950,Acme Supply 130 Group,Payment for invoice 0130 from Acme Supply 130 Group,2026-06-10,Partial Match - Entity suffix / word order,Suggested Match/Fuzzy
TX-2027-0131,PMT-FZ-131,3965,INV-FZ-0131,Tech Solutions 131,2026-06-10,NTRY-FZ-131,ETE-FZ-0131,3965,Solutions Tech 131,Payment for invoice 0131 from Solutions Tech 131,2026-06-10,Partial Match - Entity suffix / word order,Suggested Match/Fuzzy
TX-2027-0132,PMT-FZ-132,3980,INV-FZ-0132,Acme Supply 132,2026-06-10,NTRY-FZ-132,ETE-FZ-0132,3980,Acme Supply 132 Group,Payment for invoice 0132 from Acme Supply 132 Group,2026-06-10,Partial Match - Entity suffix / word order,Suggested Match/Fuzzy
TX-2027-0133,PMT-FZ-133,3995,INV-FZ-0133,Tech Solutions 133,2026-06-10,NTRY-FZ-133,ETE-FZ-0133,3995,Solutions Tech 133,Payment for invoice 0133 from Solutions Tech 133,2026-06-10,Partial Match - Entity suffix / word order,Suggested Match/Fuzzy
TX-2027-0134,PMT-FZ-134,4010,INV-FZ-0134,Acme Supply 134,2026-06-10,NTRY-FZ-134,ETE-FZ-0134,4010,Acme Supply 134 LLC,Payment for invoice 0134 from Acme Supply 134 LLC,2026-06-10,Partial Match - Entity suffix / word order,Suggested Match/Fuzzy
TX-2027-0135,PMT-FZ-135,4025,INV-FZ-0135,Tech Solutions 135,2026-06-10,NTRY-FZ-135,ETE-FZ-0135,4025,Solutions Tech 135,Payment for invoice 0135 from Solutions Tech 135,2026-06-10,Partial Match - Entity suffix / word order,Suggested Match/Fuzzy
TX-2027-0136,PMT-FZ-136,4040,INV-FZ-0136,Acme Supply 136,2026-06-10,NTRY-FZ-136,ETE-FZ-0136,4040,Acme Supply 136 Inc,Payment for invoice 0136 from Acme Supply 136 Inc,2026-06-10,Partial Match - Entity suffix / word order,Suggested Match/Fuzzy
TX-2027-0137,PMT-FZ-137,4055,INV-FZ-0137,Tech Solutions 137,2026-06-10,NTRY-FZ-137,ETE-FZ-0137,4055,Solutions Tech 137,Payment for invoice 0137 from Solutions Tech 137,2026-06-10,Partial Match - Entity suffix / word order,Suggested Match/Fuzzy
TX-2027-0138,PMT-FZ-138,4070,INV-FZ-0138,Acme Supply 138,2026-06-10,NTRY-FZ-138,ETE-FZ-0138,4070,Acme Supply 138 Holdings,Payment for invoice 0138 from Acme Supply 138 Holdings,2026-06-10,Partial Match - Entity suffix / word order,Suggested Match/Fuzzy
TX-2027-0139,PMT-FZ-139,4085,INV-FZ-0139,Tech Solutions 139,2026-06-10,NTRY-FZ-139,ETE-FZ-0139,4085,Solutions Tech 139,Payment for invoice 0139 from Solutions Tech 139,2026-06-10,Partial Match - Entity suffix / word order,Suggested Match/Fuzzy
TX-2027-0140,PMT-FZ-140,4100,INV-FZ-0140,Acme Supply 140,2026-06-10,NTRY-FZ-140,ETE-FZ-0140,4100,Acme Supply 140 Inc,Payment for invoice 0140 from Acme Supply 140 Inc,2026-06-10,Partial Match - Entity suffix / word order,Suggested Match/Fuzzy
TX-2027-0141,PMT-EM-141,5820,INV-EM-0141,Global Logistics 141,2026-06-10,NTRY-EM-141,ETE-EM-0141,5820,Unknown Vendor 141,Settlement for Freight Transport Partners. Reference 0141.,2026-06-10,AI Match - Semantic similarity,AI-Assisted Suggested Match
TX-2027-0142,PMT-EM-142,5840,INV-EM-0142,Tech Cloud Systems 142,2026-06-10,NTRY-EM-142,ETE-EM-0142,5840,Unknown Vendor 142,Settlement for Software Hosting Solutions. Reference 0142.,2026-06-10,AI Match - Semantic similarity,AI-Assisted Suggested Match
TX-2027-0143,PMT-EM-143,5860,INV-EM-0143,National Health Services 143,2026-06-10,NTRY-EM-143,ETE-EM-0143,5860,Unknown Vendor 143,Settlement for Medical Supply Distributors. Reference 0143.,2026-06-10,AI Match - Semantic similarity,AI-Assisted Suggested Match
TX-2027-0144,PMT-EM-144,5880,INV-EM-0144,Global Logistics 144,2026-06-10,NTRY-EM-144,ETE-EM-0144,5880,Unknown Vendor 144,Settlement for Freight Transport Partners. Reference 0144.,2026-06-10,AI Match - Semantic similarity,AI-Assisted Suggested Match
TX-2027-0145,PMT-EM-145,5900,INV-EM-0145,Tech Cloud Systems 145,2026-06-10,NTRY-EM-145,ETE-EM-0145,5900,Unknown Vendor 145,Settlement for Software Hosting Solutions. Reference 0145.,2026-06-10,AI Match - Semantic similarity,AI-Assisted Suggested Match
TX-2027-0146,PMT-EM-146,5920,INV-EM-0146,National Health Services 146,2026-06-10,NTRY-EM-146,ETE-EM-0146,5920,Unknown Vendor 146,Settlement for Medical Supply Distributors. Reference 0146.,2026-06-10,AI Match - Semantic similarity,AI-Assisted Suggested Match
TX-2027-0147,PMT-EM-147,5940,INV-EM-0147,Global Logistics 147,2026-06-10,NTRY-EM-147,ETE-EM-0147,5940,Unknown Vendor 147,Settlement for Freight Transport Partners. Reference 0147.,2026-06-10,AI Match - Semantic similarity,AI-Assisted Suggested Match
TX-2027-0148,PMT-EM-148,5960,INV-EM-0148,Tech Cloud Systems 148,2026-06-10,NTRY-EM-148,ETE-EM-0148,5960,Unknown Vendor 148,Settlement for Software Hosting Solutions. Reference 0148.,2026-06-10,AI Match - Semantic similarity,AI-Assisted Suggested Match
TX-2027-0149,PMT-EM-149,5980,INV-EM-0149,National Health Services 149,2026-06-10,NTRY-EM-149,ETE-EM-0149,5980,Unknown Vendor 149,Settlement for Medical Supply Distributors. Reference 0149.,2026-06-10,AI Match - Semantic similarity,AI-Assisted Suggested Match
TX-2027-0150,PMT-EM-150,6000,INV-EM-0150,Global Logistics 150,2026-06-10,NTRY-EM-150,ETE-EM-0150,6000,Unknown Vendor 150,Settlement for Freight Transport Partners. Reference 0150.,2026-06-10,AI Match - Semantic similarity,AI-Assisted Suggested Match
TX-2027-0151,PMT-EM-151,6020,INV-EM-0151,Tech Cloud Systems 151,2026-06-10,NTRY-EM-151,ETE-EM-0151,6020,Unknown Vendor 151,Settlement for Software Hosting Solutions. Reference 0151.,2026-06-10,AI Match - Semantic similarity,AI-Assisted Suggested Match
TX-2027-0152,PMT-EM-152,6040,INV-EM-0152,National Health Services 152,2026-06-10,NTRY-EM-152,ETE-EM-0152,6040,Unknown Vendor 152,Settlement for Medical Supply Distributors. Reference 0152.,2026-06-10,AI Match - Semantic similarity,AI-Assisted Suggested Match
TX-2027-0153,PMT-EM-153,6060,INV-EM-0153,Global Logistics 153,2026-06-10,NTRY-EM-153,ETE-EM-0153,6060,Unknown Vendor 153,Settlement for Freight Transport Partners. Reference 0153.,2026-06-10,AI Match - Semantic similarity,AI-Assisted Suggested Match
TX-2027-0154,PMT-EM-154,6080,INV-EM-0154,Tech Cloud Systems 154,2026-06-10,NTRY-EM-154,ETE-EM-0154,6080,Unknown Vendor 154,Settlement for Software Hosting Solutions. Reference 0154.,2026-06-10,AI Match - Semantic similarity,AI-Assisted Suggested Match
TX-2027-0155,PMT-EM-155,6100,INV-EM-0155,National Health Services 155,2026-06-10,NTRY-EM-155,ETE-EM-0155,6100,Unknown Vendor 155,Settlement for Medical Supply Distributors. Reference 0155.,2026-06-10,AI Match - Semantic similarity,AI-Assisted Suggested Match
TX-2027-0156,PMT-EM-156,6120,INV-EM-0156,Global Logistics 156,2026-06-10,NTRY-EM-156,ETE-EM-0156,6120,Unknown Vendor 156,Settlement for Freight Transport Partners. Reference 0156.,2026-06-10,AI Match - Semantic similarity,AI-Assisted Suggested Match
TX-2027-0157,PMT-EM-157,6140,INV-EM-0157,Tech Cloud Systems 157,2026-06-10,NTRY-EM-157,ETE-EM-0157,6140,Unknown Vendor 157,Settlement for Software Hosting Solutions. Reference 0157.,2026-06-10,AI Match - Semantic similarity,AI-Assisted Suggested Match
TX-2027-0158,PMT-EM-158,6160,INV-EM-0158,National Health Services 158,2026-06-10,NTRY-EM-158,ETE-EM-0158,6160,Unknown Vendor 158,Settlement for Medical Supply Distributors. Reference 0158.,2026-06-10,AI Match - Semantic similarity,AI-Assisted Suggested Match
TX-2027-0159,PMT-EM-159,6180,INV-EM-0159,Global Logistics 159,2026-06-10,NTRY-EM-159,ETE-EM-0159,6180,Unknown Vendor 159,Settlement for Freight Transport Partners. Reference 0159.,2026-06-10,AI Match - Semantic similarity,AI-Assisted Suggested Match
TX-2027-0160,PMT-EM-160,6200,INV-EM-0160,Tech Cloud Systems 160,2026-06-10,NTRY-EM-160,ETE-EM-0160,6200,Unknown Vendor 160,Settlement for Software Hosting Solutions. Reference 0160.,2026-06-10,AI Match - Semantic similarity,AI-Assisted Suggested Match
TX-2027-0161,PMT-EM-161,6220,INV-EM-0161,National Health Services 161,2026-06-10,NTRY-EM-161,ETE-EM-0161,6220,Unknown Vendor 161,Settlement for Medical Supply Distributors. Reference 0161.,2026-06-10,AI Match - Semantic similarity,AI-Assisted Suggested Match
TX-2027-0162,PMT-EM-162,6240,INV-EM-0162,Global Logistics 162,2026-06-10,NTRY-EM-162,ETE-EM-0162,6240,Unknown Vendor 162,Settlement for Freight Transport Partners. Reference 0162.,2026-06-10,AI Match - Semantic similarity,AI-Assisted Suggested Match
TX-2027-0163,PMT-EM-163,6260,INV-EM-0163,Tech Cloud Systems 163,2026-06-10,NTRY-EM-163,ETE-EM-0163,6260,Unknown Vendor 163,Settlement for Software Hosting Solutions. Reference 0163.,2026-06-10,AI Match - Semantic similarity,AI-Assisted Suggested Match
TX-2027-0164,PMT-EM-164,6280,INV-EM-0164,National Health Services 164,2026-06-10,NTRY-EM-164,ETE-EM-0164,6280,Unknown Vendor 164,Settlement for Medical Supply Distributors. Reference 0164.,2026-06-10,AI Match - Semantic similarity,AI-Assisted Suggested Match
TX-2027-0165,PMT-EM-165,6300,INV-EM-0165,Global Logistics 165,2026-06-10,NTRY-EM-165,ETE-EM-0165,6300,Unknown Vendor 165,Settlement for Freight Transport Partners. Reference 0165.,2026-06-10,AI Match - Semantic similarity,AI-Assisted Suggested Match
TX-2027-0166,PMT-EM-166,6320,INV-EM-0166,Tech Cloud Systems 166,2026-06-10,NTRY-EM-166,ETE-EM-0166,6320,Unknown Vendor 166,Settlement for Software Hosting Solutions. Reference 0166.,2026-06-10,AI Match - Semantic similarity,AI-Assisted Suggested Match
TX-2027-0167,PMT-EM-167,6340,INV-EM-0167,National Health Services 167,2026-06-10,NTRY-EM-167,ETE-EM-0167,6340,Unknown Vendor 167,Settlement for Medical Supply Distributors. Reference 0167.,2026-06-10,AI Match - Semantic similarity,AI-Assisted Suggested Match
TX-2027-0168,PMT-EM-168,6360,INV-EM-0168,Global Logistics 168,2026-06-10,NTRY-EM-168,ETE-EM-0168,6360,Unknown Vendor 168,Settlement for Freight Transport Partners. Reference 0168.,2026-06-10,AI Match - Semantic similarity,AI-Assisted Suggested Match
TX-2027-0169,PMT-EM-169,6380,INV-EM-0169,Tech Cloud Systems 169,2026-06-10,NTRY-EM-169,ETE-EM-0169,6380,Unknown Vendor 169,Settlement for Software Hosting Solutions. Reference 0169.,2026-06-10,AI Match - Semantic similarity,AI-Assisted Suggested Match
TX-2027-0170,PMT-EM-170,6400,INV-EM-0170,National Health Services 170,2026-06-10,NTRY-EM-170,ETE-EM-0170,6400,Unknown Vendor 170,Settlement for Medical Supply Distributors. Reference 0170.,2026-06-10,AI Match - Semantic similarity,AI-Assisted Suggested Match
TX-2027-0171,PMT-EM-171,6420,INV-EM-0171,Global Logistics 171,2026-06-10,NTRY-EM-171,ETE-EM-0171,6420,Unknown Vendor 171,Settlement for Freight Transport Partners. Reference 0171.,2026-06-10,AI Match - Semantic similarity,AI-Assisted Suggested Match
TX-2027-0172,PMT-EM-172,6440,INV-EM-0172,Tech Cloud Systems 172,2026-06-10,NTRY-EM-172,ETE-EM-0172,6440,Unknown Vendor 172,Settlement for Software Hosting Solutions. Reference 0172.,2026-06-10,AI Match - Semantic similarity,AI-Assisted Suggested Match
TX-2027-0173,PMT-EM-173,6460,INV-EM-0173,National Health Services 173,2026-06-10,NTRY-EM-173,ETE-EM-0173,6460,Unknown Vendor 173,Settlement for Medical Supply Distributors. Reference 0173.,2026-06-10,AI Match - Semantic similarity,AI-Assisted Suggested Match
TX-2027-0174,PMT-EM-174,6480,INV-EM-0174,Global Logistics 174,2026-06-10,NTRY-EM-174,ETE-EM-0174,6480,Unknown Vendor 174,Settlement for Freight Transport Partners. Reference 0174.,2026-06-10,AI Match - Semantic similarity,AI-Assisted Suggested Match
TX-2027-0175,PMT-EM-175,6500,INV-EM-0175,Tech Cloud Systems 175,2026-06-10,NTRY-EM-175,ETE-EM-0175,6500,Unknown Vendor 175,Settlement for Software Hosting Solutions. Reference 0175.,2026-06-10,AI Match - Semantic similarity,AI-Assisted Suggested Match
TX-2027-0176,PMT-EM-176,6520,INV-EM-0176,National Health Services 176,2026-06-10,NTRY-EM-176,ETE-EM-0176,6520,Unknown Vendor 176,Settlement for Medical Supply Distributors. Reference 0176.,2026-06-10,AI Match - Semantic similarity,AI-Assisted Suggested Match
TX-2027-0177,PMT-EM-177,6540,INV-EM-0177,Global Logistics 177,2026-06-10,NTRY-EM-177,ETE-EM-0177,6540,Unknown Vendor 177,Settlement for Freight Transport Partners. Reference 0177.,2026-06-10,AI Match - Semantic similarity,AI-Assisted Suggested Match
TX-2027-0178,PMT-EM-178,6560,INV-EM-0178,Tech Cloud Systems 178,2026-06-10,NTRY-EM-178,ETE-EM-0178,6560,Unknown Vendor 178,Settlement for Software Hosting Solutions. Reference 0178.,2026-06-10,AI Match - Semantic similarity,AI-Assisted Suggested Match
TX-2027-0179,PMT-EM-179,6580,INV-EM-0179,National Health Services 179,2026-06-10,NTRY-EM-179,ETE-EM-0179,6580,Unknown Vendor 179,Settlement for Medical Supply Distributors. Reference 0179.,2026-06-10,AI Match - Semantic similarity,AI-Assisted Suggested Match
TX-2027-0180,PMT-EM-180,6600,INV-EM-0180,Global Logistics 180,2026-06-10,NTRY-EM-180,ETE-EM-0180,6600,Unknown Vendor 180,Settlement for Freight Transport Partners. Reference 0180.,2026-06-10,AI Match - Semantic similarity,AI-Assisted Suggested Match
TX-2027-0181,PMT-EM-181,6620,INV-EM-0181,Tech Cloud Systems 181,2026-06-10,NTRY-EM-181,ETE-EM-0181,6620,Unknown Vendor 181,Settlement for Software Hosting Solutions. Reference 0181.,2026-06-10,AI Match - Semantic similarity,AI-Assisted Suggested Match
TX-2027-0182,PMT-EM-182,6640,INV-EM-0182,National Health Services 182,2026-06-10,NTRY-EM-182,ETE-EM-0182,6640,Unknown Vendor 182,Settlement for Medical Supply Distributors. Reference 0182.,2026-06-10,AI Match - Semantic similarity,AI-Assisted Suggested Match
TX-2027-0183,PMT-EM-183,6660,INV-EM-0183,Global Logistics 183,2026-06-10,NTRY-EM-183,ETE-EM-0183,6660,Unknown Vendor 183,Settlement for Freight Transport Partners. Reference 0183.,2026-06-10,AI Match - Semantic similarity,AI-Assisted Suggested Match
TX-2027-0184,PMT-EM-184,6680,INV-EM-0184,Tech Cloud Systems 184,2026-06-10,NTRY-EM-184,ETE-EM-0184,6680,Unknown Vendor 184,Settlement for Software Hosting Solutions. Reference 0184.,2026-06-10,AI Match - Semantic similarity,AI-Assisted Suggested Match
TX-2027-0185,PMT-EM-185,6700,INV-EM-0185,National Health Services 185,2026-06-10,NTRY-EM-185,ETE-EM-0185,6700,Unknown Vendor 185,Settlement for Medical Supply Distributors. Reference 0185.,2026-06-10,AI Match - Semantic similarity,AI-Assisted Suggested Match
TX-2027-0186,PMT-EM-186,6720,INV-EM-0186,Global Logistics 186,2026-06-10,NTRY-EM-186,ETE-EM-0186,6720,Unknown Vendor 186,Settlement for Freight Transport Partners. Reference 0186.,2026-06-10,AI Match - Semantic similarity,AI-Assisted Suggested Match
TX-2027-0187,PMT-EM-187,6740,INV-EM-0187,Tech Cloud Systems 187,2026-06-10,NTRY-EM-187,ETE-EM-0187,6740,Unknown Vendor 187,Settlement for Software Hosting Solutions. Reference 0187.,2026-06-10,AI Match - Semantic similarity,AI-Assisted Suggested Match
TX-2027-0188,PMT-EM-188,6760,INV-EM-0188,National Health Services 188,2026-06-10,NTRY-EM-188,ETE-EM-0188,6760,Unknown Vendor 188,Settlement for Medical Supply Distributors. Reference 0188.,2026-06-10,AI Match - Semantic similarity,AI-Assisted Suggested Match
TX-2027-0189,PMT-EM-189,6780,INV-EM-0189,Global Logistics 189,2026-06-10,NTRY-EM-189,ETE-EM-0189,6780,Unknown Vendor 189,Settlement for Freight Transport Partners. Reference 0189.,2026-06-10,AI Match - Semantic similarity,AI-Assisted Suggested Match
TX-2027-0190,PMT-EM-190,6800,INV-EM-0190,Tech Cloud Systems 190,2026-06-10,NTRY-EM-190,ETE-EM-0190,6800,Unknown Vendor 190,Settlement for Software Hosting Solutions. Reference 0190.,2026-06-10,AI Match - Semantic similarity,AI-Assisted Suggested Match
TX-2027-0191,PMT-LLM-191,4955,INV-LLM-0191,Complex Services 191,2026-06-10,NTRY-LLM-191,ETE-LLM-0191,4949,Complex Serv.,Services rendered for contract 0191.,2026-06-10,AI Match - Minor amount variance & Haystack,AI - Adjudication Required
TX-2027-0192,PMT-LLM-192,4960,INV-LLM-0192,Complex Services 192,2026-06-10,NTRY-LLM-192,ETE-LLM-0192,4971,Complex Serv.,Services rendered for contract 0192.,2026-06-10,AI Match - Minor amount variance & Haystack,AI - Adjudication Required
TX-2027-0193,PMT-LLM-193,4965,INV-LLM-0193,Complex Services 193,2026-06-10,NTRY-LLM-193,ETE-LLM-0193,4970,Complex Serv.,Services rendered for contract 0193.,2026-06-10,AI Match - Minor amount variance & Haystack,AI - Adjudication Required
TX-2027-0194,PMT-LLM-194,4970,INV-LLM-0194,Complex Services 194,2026-06-10,NTRY-LLM-194,ETE-LLM-0194,4974,Complex Serv.,Services rendered for contract 0194.,2026-06-10,AI Match - Minor amount variance & Haystack,AI - Adjudication Required
TX-2027-0195,PMT-LLM-195,4975,INV-LLM-0195,Complex Services 195,2026-06-10,NTRY-LLM-195,ETE-LLM-0195,4988,Complex Serv.,Services rendered for contract 0195.,2026-06-10,AI Match - Minor amount variance & Haystack,AI - Adjudication Required
TX-2027-0196,PMT-LLM-196,4980,INV-LLM-0196,Complex Services 196,2026-06-10,NTRY-LLM-196,ETE-LLM-0196,4992,Complex Serv.,Services rendered for contract 0196.,2026-06-10,AI Match - Minor amount variance & Haystack,AI - Adjudication Required
TX-2027-0197,PMT-LLM-197,4985,INV-LLM-0197,Complex Services 197,2026-06-10,NTRY-LLM-197,ETE-LLM-0197,4981,Complex Serv.,Services rendered for contract 0197.,2026-06-10,AI Match - Minor amount variance & Haystack,AI - Adjudication Required
TX-2027-0198,PMT-LLM-198,4990,INV-LLM-0198,Complex Services 198,2026-06-10,NTRY-LLM-198,ETE-LLM-0198,4993,Complex Serv.,Services rendered for contract 0198.,2026-06-10,AI Match - Minor amount variance & Haystack,AI - Adjudication Required
TX-2027-0199,PMT-LLM-199,4995,INV-LLM-0199,Complex Services 199,2026-06-10,NTRY-LLM-199,ETE-LLM-0199,4986,Complex Serv.,Services rendered for contract 0199.,2026-06-10,AI Match - Minor amount variance & Haystack,AI - Adjudication Required
TX-2027-0200,PMT-LLM-200,5000,INV-LLM-0200,Complex Services 200,2026-06-10,NTRY-LLM-200,ETE-LLM-0200,5007,Complex Serv.,Services rendered for contract 0200.,2026-06-10,AI Match - Minor amount variance & Haystack,AI - Adjudication Required
TX-2027-0201,PMT-LLM-201,5005,INV-LLM-0201,Complex Services 201,2026-06-10,NTRY-LLM-201,ETE-LLM-0201,4992,Complex Serv.,Services rendered for contract 0201.,2026-06-10,AI Match - Minor amount variance & Haystack,AI - Adjudication Required
TX-2027-0202,PMT-LLM-202,5010,INV-LLM-0202,Complex Services 202,2026-06-10,NTRY-LLM-202,ETE-LLM-0202,4996,Complex Serv.,Services rendered for contract 0202.,2026-06-10,AI Match - Minor amount variance & Haystack,AI - Adjudication Required
TX-2027-0203,PMT-LLM-203,5015,INV-LLM-0203,Complex Services 203,2026-06-10,NTRY-LLM-203,ETE-LLM-0203,5021,Complex Serv.,Services rendered for contract 0203.,2026-06-10,AI Match - Minor amount variance & Haystack,AI - Adjudication Required
TX-2027-0204,PMT-LLM-204,5020,INV-LLM-0204,Complex Services 204,2026-06-10,NTRY-LLM-204,ETE-LLM-0204,5012,Complex Serv.,Services rendered for contract 0204.,2026-06-10,AI Match - Minor amount variance & Haystack,AI - Adjudication Required
TX-2027-0205,PMT-LLM-205,5025,INV-LLM-0205,Complex Services 205,2026-06-10,NTRY-LLM-205,ETE-LLM-0205,5034,Complex Serv.,Services rendered for contract 0205.,2026-06-10,AI Match - Minor amount variance & Haystack,AI - Adjudication Required
TX-2027-0206,PMT-LLM-206,5030,INV-LLM-0206,Complex Services 206,2026-06-10,NTRY-LLM-206,ETE-LLM-0206,5024,Complex Serv.,Services rendered for contract 0206.,2026-06-10,AI Match - Minor amount variance & Haystack,AI - Adjudication Required
TX-2027-0207,PMT-LLM-207,5035,INV-LLM-0207,Complex Services 207,2026-06-10,NTRY-LLM-207,ETE-LLM-0207,5022,Complex Serv.,Services rendered for contract 0207.,2026-06-10,AI Match - Minor amount variance & Haystack,AI - Adjudication Required
TX-2027-0208,PMT-LLM-208,5040,INV-LLM-0208,Complex Services 208,2026-06-10,NTRY-LLM-208,ETE-LLM-0208,5052,Complex Serv.,Services rendered for contract 0208.,2026-06-10,AI Match - Minor amount variance & Haystack,AI - Adjudication Required
TX-2027-0209,PMT-LLM-209,5045,INV-LLM-0209,Complex Services 209,2026-06-10,NTRY-LLM-209,ETE-LLM-0209,5037,Complex Serv.,Services rendered for contract 0209.,2026-06-10,AI Match - Minor amount variance & Haystack,AI - Adjudication Required
TX-2027-0210,PMT-LLM-210,5050,INV-LLM-0210,Complex Services 210,2026-06-10,NTRY-LLM-210,ETE-LLM-0210,5062,Complex Serv.,Services rendered for contract 0210.,2026-06-10,AI Match - Minor amount variance & Haystack,AI - Adjudication Required
TX-2027-0211,PMT-LLM-211,5055,INV-LLM-0211,Complex Services 211,2026-06-10,NTRY-LLM-211,ETE-LLM-0211,5043,Complex Serv.,Services rendered for contract 0211.,2026-06-10,AI Match - Minor amount variance & Haystack,AI - Adjudication Required
TX-2027-0212,PMT-LLM-212,5060,INV-LLM-0212,Complex Services 212,2026-06-10,NTRY-LLM-212,ETE-LLM-0212,5057,Complex Serv.,Services rendered for contract 0212.,2026-06-10,AI Match - Minor amount variance & Haystack,AI - Adjudication Required
TX-2027-0213,PMT-LLM-213,5065,INV-LLM-0213,Complex Services 213,2026-06-10,NTRY-LLM-213,ETE-LLM-0213,5058,Complex Serv.,Services rendered for contract 0213.,2026-06-10,AI Match - Minor amount variance & Haystack,AI - Adjudication Required
TX-2027-0214,PMT-LLM-214,5070,INV-LLM-0214,Complex Services 214,2026-06-10,NTRY-LLM-214,ETE-LLM-0214,5069,Complex Serv.,Services rendered for contract 0214.,2026-06-10,AI Match - Minor amount variance & Haystack,AI - Adjudication Required
TX-2027-0215,PMT-LLM-215,5075,INV-LLM-0215,Complex Services 215,2026-06-10,NTRY-LLM-215,ETE-LLM-0215,5080,Complex Serv.,Services rendered for contract 0215.,2026-06-10,AI Match - Minor amount variance & Haystack,AI - Adjudication Required
TX-2027-0216,PMT-LLM-216,5080,INV-LLM-0216,Complex Services 216,2026-06-10,NTRY-LLM-216,ETE-LLM-0216,5091,Complex Serv.,Services rendered for contract 0216.,2026-06-10,AI Match - Minor amount variance & Haystack,AI - Adjudication Required
TX-2027-0217,PMT-LLM-217,5085,INV-LLM-0217,Complex Services 217,2026-06-10,NTRY-LLM-217,ETE-LLM-0217,5081,Complex Serv.,Services rendered for contract 0217.,2026-06-10,AI Match - Minor amount variance & Haystack,AI - Adjudication Required
TX-2027-0218,PMT-LLM-218,5090,INV-LLM-0218,Complex Services 218,2026-06-10,NTRY-LLM-218,ETE-LLM-0218,5080,Complex Serv.,Services rendered for contract 0218.,2026-06-10,AI Match - Minor amount variance & Haystack,AI - Adjudication Required
TX-2027-0219,PMT-LLM-219,5095,INV-LLM-0219,Complex Services 219,2026-06-10,NTRY-LLM-219,ETE-LLM-0219,5091,Complex Serv.,Services rendered for contract 0219.,2026-06-10,AI Match - Minor amount variance & Haystack,AI - Adjudication Required
TX-2027-0220,PMT-LLM-220,5100,INV-LLM-0220,Complex Services 220,2026-06-10,NTRY-LLM-220,ETE-LLM-0220,5096,Complex Serv.,Services rendered for contract 0220.,2026-06-10,AI Match - Minor amount variance & Haystack,AI - Adjudication Required
TX-2027-0221,PMT-LLM-221,5105,INV-LLM-0221,Complex Services 221,2026-06-10,NTRY-LLM-221,ETE-LLM-0221,5096,Complex Serv.,Services rendered for contract 0221.,2026-06-10,AI Match - Minor amount variance & Haystack,AI - Adjudication Required
TX-2027-0222,PMT-LLM-222,5110,INV-LLM-0222,Complex Services 222,2026-06-10,NTRY-LLM-222,ETE-LLM-0222,5116,Complex Serv.,Services rendered for contract 0222.,2026-06-10,AI Match - Minor amount variance & Haystack,AI - Adjudication Required
TX-2027-0223,PMT-LLM-223,5115,INV-LLM-0223,Complex Services 223,2026-06-10,NTRY-LLM-223,ETE-LLM-0223,5108,Complex Serv.,Services rendered for contract 0223.,2026-06-10,AI Match - Minor amount variance & Haystack,AI - Adjudication Required
TX-2027-0224,PMT-LLM-224,5120,INV-LLM-0224,Complex Services 224,2026-06-10,NTRY-LLM-224,ETE-LLM-0224,5127,Complex Serv.,Services rendered for contract 0224.,2026-06-10,AI Match - Minor amount variance & Haystack,AI - Adjudication Required
TX-2027-0225,PMT-LLM-225,5125,INV-LLM-0225,Complex Services 225,2026-06-10,NTRY-LLM-225,ETE-LLM-0225,5139,Complex Serv.,Services rendered for contract 0225.,2026-06-10,AI Match - Minor amount variance & Haystack,AI - Adjudication Required
TX-2027-0226,PMT-LLM-226,5130,INV-LLM-0226,Complex Services 226,2026-06-10,NTRY-LLM-226,ETE-LLM-0226,5136,Complex Serv.,Services rendered for contract 0226.,2026-06-10,AI Match - Minor amount variance & Haystack,AI - Adjudication Required
TX-2027-0227,PMT-LLM-227,5135,INV-LLM-0227,Complex Services 227,2026-06-10,NTRY-LLM-227,ETE-LLM-0227,5140,Complex Serv.,Services rendered for contract 0227.,2026-06-10,AI Match - Minor amount variance & Haystack,AI - Adjudication Required
TX-2027-0228,PMT-LLM-228,5140,INV-LLM-0228,Complex Services 228,2026-06-10,NTRY-LLM-228,ETE-LLM-0228,5127,Complex Serv.,Services rendered for contract 0228.,2026-06-10,AI Match - Minor amount variance & Haystack,AI - Adjudication Required
TX-2027-0229,PMT-LLM-229,5145,INV-LLM-0229,Complex Services 229,2026-06-10,NTRY-LLM-229,ETE-LLM-0229,5149,Complex Serv.,Services rendered for contract 0229.,2026-06-10,AI Match - Minor amount variance & Haystack,AI - Adjudication Required
TX-2027-0230,PMT-LLM-230,5150,INV-LLM-0230,Complex Services 230,2026-06-10,NTRY-LLM-230,ETE-LLM-0230,5155,Complex Serv.,Services rendered for contract 0230.,2026-06-10,AI Match - Minor amount variance & Haystack,AI - Adjudication Required
TX-2027-0231,PMT-LLM-231,5155,INV-LLM-0231,Complex Services 231,2026-06-10,NTRY-LLM-231,ETE-LLM-0231,5145,Complex Serv.,Services rendered for contract 0231.,2026-06-10,AI Match - Minor amount variance & Haystack,AI - Adjudication Required
TX-2027-0232,PMT-LLM-232,5160,INV-LLM-0232,Complex Services 232,2026-06-10,NTRY-LLM-232,ETE-LLM-0232,5162,Complex Serv.,Services rendered for contract 0232.,2026-06-10,AI Match - Minor amount variance & Haystack,AI - Adjudication Required
TX-2027-0233,PMT-LLM-233,5165,INV-LLM-0233,Complex Services 233,2026-06-10,NTRY-LLM-233,ETE-LLM-0233,5173,Complex Serv.,Services rendered for contract 0233.,2026-06-10,AI Match - Minor amount variance & Haystack,AI - Adjudication Required
TX-2027-0234,PMT-LLM-234,5170,INV-LLM-0234,Complex Services 234,2026-06-10,NTRY-LLM-234,ETE-LLM-0234,5162,Complex Serv.,Services rendered for contract 0234.,2026-06-10,AI Match - Minor amount variance & Haystack,AI - Adjudication Required
TX-2027-0235,PMT-LLM-235,5175,INV-LLM-0235,Complex Services 235,2026-06-10,NTRY-LLM-235,ETE-LLM-0235,5165,Complex Serv.,Services rendered for contract 0235.,2026-06-10,AI Match - Minor amount variance & Haystack,AI - Adjudication Required
TX-2027-0236,PMT-LLM-236,5180,INV-LLM-0236,Complex Services 236,2026-06-10,NTRY-LLM-236,ETE-LLM-0236,5179,Complex Serv.,Services rendered for contract 0236.,2026-06-10,AI Match - Minor amount variance & Haystack,AI - Adjudication Required
TX-2027-0237,PMT-LLM-237,5185,INV-LLM-0237,Complex Services 237,2026-06-10,NTRY-LLM-237,ETE-LLM-0237,5182,Complex Serv.,Services rendered for contract 0237.,2026-06-10,AI Match - Minor amount variance & Haystack,AI - Adjudication Required
TX-2027-0238,PMT-LLM-238,5190,INV-LLM-0238,Complex Services 238,2026-06-10,NTRY-LLM-238,ETE-LLM-0238,5183,Complex Serv.,Services rendered for contract 0238.,2026-06-10,AI Match - Minor amount variance & Haystack,AI - Adjudication Required
TX-2027-0239,PMT-LLM-239,5195,INV-LLM-0239,Complex Services 239,2026-06-10,NTRY-LLM-239,ETE-LLM-0239,5209,Complex Serv.,Services rendered for contract 0239.,2026-06-10,AI Match - Minor amount variance & Haystack,AI - Adjudication Required
TX-2027-0240,PMT-LLM-240,5200,INV-LLM-0240,Complex Services 240,2026-06-10,NTRY-LLM-240,ETE-LLM-0240,5205,Complex Serv.,Services rendered for contract 0240.,2026-06-10,AI Match - Minor amount variance & Haystack,AI - Adjudication Required
TX-2027-0241,PMT-ORP-241,7410,INV-ORP-0241,Pending Payment 241,2026-06-10,,,,,,,No Match - In Transit,Uncleared/In-Transit
TX-2027-0242,PMT-ORP-242,7420,INV-ORP-0242,Pending Payment 242,2026-06-10,,,,,,,No Match - In Transit,Uncleared/In-Transit
TX-2027-0243,PMT-ORP-243,7430,INV-ORP-0243,Pending Payment 243,2026-06-10,,,,,,,No Match - In Transit,Uncleared/In-Transit
TX-2027-0244,PMT-ORP-244,7440,INV-ORP-0244,Pending Payment 244,2026-06-10,,,,,,,No Match - In Transit,Uncleared/In-Transit
TX-2027-0245,PMT-ORP-245,7450,INV-ORP-0245,Pending Payment 245,2026-06-10,,,,,,,No Match - In Transit,Uncleared/In-Transit
TX-2027-0246,PMT-ORP-246,7460,INV-ORP-0246,Pending Payment 246,2026-06-10,,,,,,,No Match - In Transit,Uncleared/In-Transit
TX-2027-0247,PMT-ORP-247,7470,INV-ORP-0247,Pending Payment 247,2026-06-10,,,,,,,No Match - In Transit,Uncleared/In-Transit
TX-2027-0248,PMT-ORP-248,7480,INV-ORP-0248,Pending Payment 248,2026-06-10,,,,,,,No Match - In Transit,Uncleared/In-Transit
TX-2027-0249,PMT-ORP-249,7490,INV-ORP-0249,Pending Payment 249,2026-06-10,,,,,,,No Match - In Transit,Uncleared/In-Transit
TX-2027-0250,PMT-ORP-250,7500,INV-ORP-0250,Pending Payment 250,2026-06-10,,,,,,,No Match - In Transit,Uncleared/In-Transit
TX-2027-0251,PMT-ORP-251,7510,INV-ORP-0251,Pending Payment 251,2026-06-10,,,,,,,No Match - In Transit,Uncleared/In-Transit
TX-2027-0252,PMT-ORP-252,7520,INV-ORP-0252,Pending Payment 252,2026-06-10,,,,,,,No Match - In Transit,Uncleared/In-Transit
TX-2027-0253,PMT-ORP-253,7530,INV-ORP-0253,Pending Payment 253,2026-06-10,,,,,,,No Match - In Transit,Uncleared/In-Transit
TX-2027-0254,PMT-ORP-254,7540,INV-ORP-0254,Pending Payment 254,2026-06-10,,,,,,,No Match - In Transit,Uncleared/In-Transit
TX-2027-0255,PMT-ORP-255,7550,INV-ORP-0255,Pending Payment 255,2026-06-10,,,,,,,No Match - In Transit,Uncleared/In-Transit
TX-2027-0256,PMT-ORP-256,7560,INV-ORP-0256,Pending Payment 256,2026-06-10,,,,,,,No Match - In Transit,Uncleared/In-Transit
TX-2027-0257,PMT-ORP-257,7570,INV-ORP-0257,Pending Payment 257,2026-06-10,,,,,,,No Match - In Transit,Uncleared/In-Transit
TX-2027-0258,PMT-ORP-258,7580,INV-ORP-0258,Pending Payment 258,2026-06-10,,,,,,,No Match - In Transit,Uncleared/In-Transit
TX-2027-0259,PMT-ORP-259,7590,INV-ORP-0259,Pending Payment 259,2026-06-10,,,,,,,No Match - In Transit,Uncleared/In-Transit
TX-2027-0260,PMT-ORP-260,7600,INV-ORP-0260,Pending Payment 260,2026-06-10,,,,,,,No Match - In Transit,Uncleared/In-Transit
TX-2027-0261,PMT-ORP-261,7610,INV-ORP-0261,Pending Payment 261,2026-06-10,,,,,,,No Match - In Transit,Uncleared/In-Transit
TX-2027-0262,PMT-ORP-262,7620,INV-ORP-0262,Pending Payment 262,2026-06-10,,,,,,,No Match - In Transit,Uncleared/In-Transit
TX-2027-0263,PMT-ORP-263,7630,INV-ORP-0263,Pending Payment 263,2026-06-10,,,,,,,No Match - In Transit,Uncleared/In-Transit
TX-2027-0264,PMT-ORP-264,7640,INV-ORP-0264,Pending Payment 264,2026-06-10,,,,,,,No Match - In Transit,Uncleared/In-Transit
TX-2027-0265,PMT-ORP-265,7650,INV-ORP-0265,Pending Payment 265,2026-06-10,,,,,,,No Match - In Transit,Uncleared/In-Transit
TX-2027-0266,PMT-ORP-266,7660,INV-ORP-0266,Pending Payment 266,2026-06-10,,,,,,,No Match - In Transit,Uncleared/In-Transit
TX-2027-0267,PMT-ORP-267,7670,INV-ORP-0267,Pending Payment 267,2026-06-10,,,,,,,No Match - In Transit,Uncleared/In-Transit
TX-2027-0268,PMT-ORP-268,7680,INV-ORP-0268,Pending Payment 268,2026-06-10,,,,,,,No Match - In Transit,Uncleared/In-Transit
TX-2027-0269,PMT-ORP-269,7690,INV-ORP-0269,Pending Payment 269,2026-06-10,,,,,,,No Match - In Transit,Uncleared/In-Transit
TX-2027-0270,PMT-ORP-270,7700,INV-ORP-0270,Pending Payment 270,2026-06-10,,,,,,,No Match - In Transit,Uncleared/In-Transit
,,,,,,NTRY-FEE-271,ETE-FEE-0271,592,Bank Auth,Monthly account cycle fee 271,2026-06-10,No Match - Bank Only Item,Bank-only Item/Exception
,,,,,,NTRY-FEE-272,ETE-FEE-0272,594,Bank Auth,Monthly account cycle fee 272,2026-06-10,No Match - Bank Only Item,Bank-only Item/Exception
,,,,,,NTRY-FEE-273,ETE-FEE-0273,596,Bank Auth,Monthly account cycle fee 273,2026-06-10,No Match - Bank Only Item,Bank-only Item/Exception
,,,,,,NTRY-FEE-274,ETE-FEE-0274,598,Bank Auth,Monthly account cycle fee 274,2026-06-10,No Match - Bank Only Item,Bank-only Item/Exception
,,,,,,NTRY-FEE-275,ETE-FEE-0275,600,Bank Auth,Monthly account cycle fee 275,2026-06-10,No Match - Bank Only Item,Bank-only Item/Exception
,,,,,,NTRY-FEE-276,ETE-FEE-0276,602,Bank Auth,Monthly account cycle fee 276,2026-06-10,No Match - Bank Only Item,Bank-only Item/Exception
,,,,,,NTRY-FEE-277,ETE-FEE-0277,604,Bank Auth,Monthly account cycle fee 277,2026-06-10,No Match - Bank Only Item,Bank-only Item/Exception
,,,,,,NTRY-FEE-278,ETE-FEE-0278,606,Bank Auth,Monthly account cycle fee 278,2026-06-10,No Match - Bank Only Item,Bank-only Item/Exception
,,,,,,NTRY-FEE-279,ETE-FEE-0279,608,Bank Auth,Monthly account cycle fee 279,2026-06-10,No Match - Bank Only Item,Bank-only Item/Exception
,,,,,,NTRY-FEE-280,ETE-FEE-0280,610,Bank Auth,Monthly account cycle fee 280,2026-06-10,No Match - Bank Only Item,Bank-only Item/Exception
,,,,,,NTRY-FEE-281,ETE-FEE-0281,612,Bank Auth,Monthly account cycle fee 281,2026-06-10,No Match - Bank Only Item,Bank-only Item/Exception
,,,,,,NTRY-FEE-282,ETE-FEE-0282,614,Bank Auth,Monthly account cycle fee 282,2026-06-10,No Match - Bank Only Item,Bank-only Item/Exception
,,,,,,NTRY-FEE-283,ETE-FEE-0283,616,Bank Auth,Monthly account cycle fee 283,2026-06-10,No Match - Bank Only Item,Bank-only Item/Exception
,,,,,,NTRY-FEE-284,ETE-FEE-0284,618,Bank Auth,Monthly account cycle fee 284,2026-06-10,No Match - Bank Only Item,Bank-only Item/Exception
,,,,,,NTRY-FEE-285,ETE-FEE-0285,620,Bank Auth,Monthly account cycle fee 285,2026-06-10,No Match - Bank Only Item,Bank-only Item/Exception
,,,,,,NTRY-FEE-286,ETE-FEE-0286,622,Bank Auth,Monthly account cycle fee 286,2026-06-10,No Match - Bank Only Item,Bank-only Item/Exception
,,,,,,NTRY-FEE-287,ETE-FEE-0287,624,Bank Auth,Monthly account cycle fee 287,2026-06-10,No Match - Bank Only Item,Bank-only Item/Exception
,,,,,,NTRY-FEE-288,ETE-FEE-0288,626,Bank Auth,Monthly account cycle fee 288,2026-06-10,No Match - Bank Only Item,Bank-only Item/Exception
,,,,,,NTRY-FEE-289,ETE-FEE-0289,628,Bank Auth,Monthly account cycle fee 289,2026-06-10,No Match - Bank Only Item,Bank-only Item/Exception
,,,,,,NTRY-FEE-290,ETE-FEE-0290,630,Bank Auth,Monthly account cycle fee 290,2026-06-10,No Match - Bank Only Item,Bank-only Item/Exception
,,,,,,NTRY-FEE-291,ETE-FEE-0291,632,Bank Auth,Monthly account cycle fee 291,2026-06-10,No Match - Bank Only Item,Bank-only Item/Exception
,,,,,,NTRY-FEE-292,ETE-FEE-0292,634,Bank Auth,Monthly account cycle fee 292,2026-06-10,No Match - Bank Only Item,Bank-only Item/Exception
,,,,,,NTRY-FEE-293,ETE-FEE-0293,636,Bank Auth,Monthly account cycle fee 293,2026-06-10,No Match - Bank Only Item,Bank-only Item/Exception
,,,,,,NTRY-FEE-294,ETE-FEE-0294,638,Bank Auth,Monthly account cycle fee 294,2026-06-10,No Match - Bank Only Item,Bank-only Item/Exception
,,,,,,NTRY-FEE-295,ETE-FEE-0295,640,Bank Auth,Monthly account cycle fee 295,2026-06-10,No Match - Bank Only Item,Bank-only Item/Exception
,,,,,,NTRY-FEE-296,ETE-FEE-0296,642,Bank Auth,Monthly account cycle fee 296,2026-06-10,No Match - Bank Only Item,Bank-only Item/Exception
,,,,,,NTRY-FEE-297,ETE-FEE-0297,644,Bank Auth,Monthly account cycle fee 297,2026-06-10,No Match - Bank Only Item,Bank-only Item/Exception
,,,,,,NTRY-FEE-298,ETE-FEE-0298,646,Bank Auth,Monthly account cycle fee 298,2026-06-10,No Match - Bank Only Item,Bank-only Item/Exception
,,,,,,NTRY-FEE-299,ETE-FEE-0299,648,Bank Auth,Monthly account cycle fee 299,2026-06-10,No Match - Bank Only Item,Bank-only Item/Exception
,,,,,,NTRY-FEE-300,ETE-FEE-0300,650,Bank Auth,Monthly account cycle fee 300,2026-06-10,No Match - Bank Only Item,Bank-only Item/Exception
