PSR_ID,PSR_Ref,PSR_Amount,PSR_Invoice,PSR_Counterparty,PSR_Date,PSR_Currency,PSR_Direction,CAMT_NtryId,CAMT_EndToEndId,CAMT_Amount,CAMT_Counterparty,CAMT_Remittance,CAMT_Date,CAMT_ValueDate,CAMT_BookingDate,CAMT_Currency,CAMT_Direction,Scenario,Expected_Match_Type
PSR-000001,PMT-REF-000001,32151.63,INV-13278,Sterling Partners,2025-05-14,USD,CR,NTRY-000001,PMT-REF-000001,32151.63,Sterling Partners,PMT-REF-000001 INV-13278,2025-05-14,2025-05-14,2025-05-14,USD,CR,Direct Match - E2E ID,DIRECT_P1
PSR-000002,PMT-REF-000002,7407.13,INV-23434,Vista Industries,2025-02-17,GBP,CR,NTRY-000002,PMT-REF-000002,7407.13,Vista Industries,PMT-REF-000002 INV-23434,2025-02-17,2025-02-17,2025-02-17,GBP,CR,Direct Match - E2E ID,DIRECT_P1
PSR-000003,PMT-REF-000003,21385.13,INV-13905,Global Logistics,2025-04-28,USD,CR,NTRY-000003,PMT-REF-000003,21385.13,Global Logistics,PMT-REF-000003 INV-13905,2025-04-28,2025-04-28,2025-04-28,USD,CR,Direct Match - E2E ID,DIRECT_P1
PSR-000004,PMT-REF-000004,25515.09,INV-13478,Vista Industries,2025-04-18,GBP,CR,NTRY-000004,PMT-REF-000004,25515.09,Vista Industries,PMT-REF-000004 INV-13478,2025-04-18,2025-04-18,2025-04-18,GBP,CR,Direct Match - E2E ID,DIRECT_P1
PSR-000005,PMT-REF-000005,32669.28,INV-81426,Pinnacle Group,2025-05-01,EUR,CR,NTRY-000005,PMT-REF-000005,32669.28,Pinnacle Group,PMT-REF-000005 INV-81426,2025-05-01,2025-05-01,2025-05-01,EUR,CR,Direct Match - E2E ID,DIRECT_P1
PSR-000006,PMT-REF-000006,29668.65,INV-10851,Sunrise Financial,2025-08-21,EUR,CR,NTRY-000006,PMT-REF-000006,29668.65,Sunrise Financial,PMT-REF-000006 INV-10851,2025-08-21,2025-08-21,2025-08-21,EUR,CR,Direct Match - E2E ID,DIRECT_P1
PSR-000007,PMT-REF-000007,14254.63,INV-38221,Apex Distribution,2025-02-25,USD,CR,NTRY-000007,PMT-REF-000007,14254.63,Apex Distribution,PMT-REF-000007 INV-38221,2025-02-25,2025-02-25,2025-02-25,USD,CR,Direct Match - E2E ID,DIRECT_P1
PSR-000008,PMT-REF-000008,19306.4,INV-57052,Coastal Ventures,2025-12-02,EUR,CR,NTRY-000008,PMT-REF-000008,19306.4,Coastal Ventures,PMT-REF-000008 INV-57052,2025-12-02,2025-12-02,2025-12-02,EUR,CR,Direct Match - E2E ID,DIRECT_P1
PSR-000009,PMT-REF-000009,40452.85,INV-70217,Vista Industries,2025-03-08,EUR,CR,NTRY-000009,PMT-REF-000009,40452.85,Vista Industries,PMT-REF-000009 INV-70217,2025-03-08,2025-03-08,2025-03-08,EUR,CR,Direct Match - E2E ID,DIRECT_P1
PSR-000010,PMT-REF-000010,4400.61,INV-48427,Nexus Partners,2025-07-18,GBP,CR,NTRY-000010,PMT-REF-000010,4400.61,Nexus Partners,PMT-REF-000010 INV-48427,2025-07-18,2025-07-18,2025-07-18,GBP,CR,Direct Match - E2E ID,DIRECT_P1
PSR-000011,PMT-REF-000011,10018.29,INV-19116,Blue Ocean Trading,2025-05-05,EUR,CR,NTRY-000011,PMT-REF-000011,10018.29,Blue Ocean Trading,PMT-REF-000011 INV-19116,2025-05-05,2025-05-05,2025-05-05,EUR,CR,Direct Match - E2E ID,DIRECT_P1
PSR-000012,PMT-REF-000012,49268.47,INV-40512,Pacific Imports,2025-07-27,EUR,CR,NTRY-000012,PMT-REF-000012,49268.47,Pacific Imports,PMT-REF-000012 INV-40512,2025-07-27,2025-07-27,2025-07-27,EUR,CR,Direct Match - E2E ID,DIRECT_P1
PSR-000013,PMT-REF-000013,22943.81,INV-57819,Sunrise Financial,2025-07-22,EUR,CR,NTRY-000013,PMT-REF-000013,22943.81,Sunrise Financial,PMT-REF-000013 INV-57819,2025-07-22,2025-07-22,2025-07-22,EUR,CR,Direct Match - E2E ID,DIRECT_P1
PSR-000014,PMT-REF-000014,10870.6,INV-44993,Global Logistics,2025-12-04,GBP,CR,NTRY-000014,PMT-REF-000014,10870.6,Global Logistics,PMT-REF-000014 INV-44993,2025-12-04,2025-12-04,2025-12-04,GBP,CR,Direct Match - E2E ID,DIRECT_P1
PSR-000015,PMT-REF-000015,8971.36,INV-42087,Sunrise Financial,2025-09-13,EUR,CR,NTRY-000015,PMT-REF-000015,8971.36,Sunrise Financial,PMT-REF-000015 INV-42087,2025-09-13,2025-09-13,2025-09-13,EUR,CR,Direct Match - E2E ID,DIRECT_P1
PSR-000016,PMT-REF-000016,13862.42,INV-93886,Vista Industries,2025-05-01,GBP,CR,NTRY-000016,PMT-REF-000016,13862.42,Vista Industries,PMT-REF-000016 INV-93886,2025-05-01,2025-05-01,2025-05-01,GBP,CR,Direct Match - E2E ID,DIRECT_P1
PSR-000017,PMT-REF-000017,16552.0,INV-17331,Horizon Tech,2025-01-17,EUR,CR,NTRY-000017,PMT-REF-000017,16552.0,Horizon Tech,PMT-REF-000017 INV-17331,2025-01-17,2025-01-17,2025-01-17,EUR,CR,Direct Match - E2E ID,DIRECT_P1
PSR-000018,PMT-REF-000018,20357.66,INV-18675,Delta Commerce,2025-11-11,GBP,CR,NTRY-000018,PMT-REF-000018,20357.66,Delta Commerce,PMT-REF-000018 INV-18675,2025-11-11,2025-11-11,2025-11-11,GBP,CR,Direct Match - E2E ID,DIRECT_P1
PSR-000019,PMT-REF-000019,16076.56,INV-95909,Silver Stream Ltd,2025-08-07,GBP,CR,NTRY-000019,PMT-REF-000019,16076.56,Silver Stream Ltd,PMT-REF-000019 INV-95909,2025-08-07,2025-08-07,2025-08-07,GBP,CR,Direct Match - E2E ID,DIRECT_P1
PSR-000020,PMT-REF-000020,23213.17,INV-44718,Northern Star Corp,2025-05-15,GBP,CR,NTRY-000020,PMT-REF-000020,23213.17,Northern Star Corp,PMT-REF-000020 INV-44718,2025-05-15,2025-05-15,2025-05-15,GBP,CR,Direct Match - E2E ID,DIRECT_P1
PSR-000021,PMT-REF-000021,28287.72,INV-44438,Cascade Trading,2025-08-24,GBP,CR,NTRY-000021,PMT-REF-000021,28287.72,Cascade Trading,PMT-REF-000021 INV-44438,2025-08-24,2025-08-24,2025-08-24,GBP,CR,Direct Match - E2E ID,DIRECT_P1
PSR-000022,PMT-REF-000022,20270.33,INV-38746,Northern Star Corp,2025-10-09,EUR,CR,NTRY-000022,PMT-REF-000022,20270.33,Northern Star Corp,PMT-REF-000022 INV-38746,2025-10-09,2025-10-09,2025-10-09,EUR,CR,Direct Match - E2E ID,DIRECT_P1
PSR-000023,PMT-REF-000023,5000.02,INV-16175,Pacific Imports,2025-03-23,GBP,CR,NTRY-000023,PMT-REF-000023,5000.02,Pacific Imports,PMT-REF-000023 INV-16175,2025-03-23,2025-03-23,2025-03-23,GBP,CR,Direct Match - E2E ID,DIRECT_P1
PSR-000024,PMT-REF-000024,8419.11,INV-99192,Pinnacle Group,2025-11-26,USD,CR,NTRY-000024,PMT-REF-000024,8419.11,Pinnacle Group,PMT-REF-000024 INV-99192,2025-11-26,2025-11-26,2025-11-26,USD,CR,Direct Match - E2E ID,DIRECT_P1
PSR-000025,PMT-REF-000025,19545.98,INV-88104,Redwood Corp,2025-10-19,EUR,CR,NTRY-000025,PMT-REF-000025,19545.98,Redwood Corp,PMT-REF-000025 INV-88104,2025-10-19,2025-10-19,2025-10-19,EUR,CR,Direct Match - E2E ID,DIRECT_P1
PSR-000026,PMT-REF-000026,48568.38,INV-11504,Pacific Imports,2025-10-23,EUR,CR,NTRY-000026,PMT-REF-000026,48568.38,Pacific Imports,PMT-REF-000026 INV-11504,2025-10-23,2025-10-23,2025-10-23,EUR,CR,Direct Match - E2E ID,DIRECT_P1
PSR-000027,PMT-REF-000027,38545.64,INV-54587,Pacific Imports,2025-06-11,EUR,CR,NTRY-000027,PMT-REF-000027,38545.64,Pacific Imports,PMT-REF-000027 INV-54587,2025-06-11,2025-06-11,2025-06-11,EUR,CR,Direct Match - E2E ID,DIRECT_P1
PSR-000028,PMT-REF-000028,8328.81,INV-10425,Sterling Partners,2025-10-05,USD,CR,NTRY-000028,PMT-REF-000028,8328.81,Sterling Partners,PMT-REF-000028 INV-10425,2025-10-05,2025-10-05,2025-10-05,USD,CR,Direct Match - E2E ID,DIRECT_P1
PSR-000029,PMT-REF-000029,25630.24,INV-23947,Summit Industries,2025-12-20,GBP,CR,NTRY-000029,PMT-REF-000029,25630.24,Summit Industries,PMT-REF-000029 INV-23947,2025-12-20,2025-12-20,2025-12-20,GBP,CR,Direct Match - E2E ID,DIRECT_P1
PSR-000030,PMT-REF-000030,30644.03,INV-30032,Coastal Ventures,2025-03-27,GBP,CR,NTRY-000030,PMT-REF-000030,30644.03,Coastal Ventures,PMT-REF-000030 INV-30032,2025-03-27,2025-03-27,2025-03-27,GBP,CR,Direct Match - E2E ID,DIRECT_P1
PSR-000031,PMT-REF-000031,47698.24,INV-79514,Acme Supply,2025-11-27,EUR,CR,NTRY-000031,PMT-REF-000031,47698.24,Acme Supply,PMT-REF-000031 INV-79514,2025-11-27,2025-11-27,2025-11-27,EUR,CR,Direct Match - E2E ID,DIRECT_P1
PSR-000032,PMT-REF-000032,24685.98,INV-24662,Coastal Ventures,2025-06-18,USD,CR,NTRY-000032,PMT-REF-000032,24685.98,Coastal Ventures,PMT-REF-000032 INV-24662,2025-06-18,2025-06-18,2025-06-18,USD,CR,Direct Match - E2E ID,DIRECT_P1
PSR-000033,PMT-REF-000033,3367.3,INV-84364,Global Logistics,2025-02-16,GBP,CR,NTRY-000033,PMT-REF-000033,3367.3,Global Logistics,PMT-REF-000033 INV-84364,2025-02-16,2025-02-16,2025-02-16,GBP,CR,Direct Match - E2E ID,DIRECT_P1
PSR-000034,PMT-REF-000034,24556.53,INV-19071,Vista Industries,2025-03-09,USD,CR,NTRY-000034,PMT-REF-000034,24556.53,Vista Industries,PMT-REF-000034 INV-19071,2025-03-09,2025-03-09,2025-03-09,USD,CR,Direct Match - E2E ID,DIRECT_P1
PSR-000035,PMT-REF-000035,33157.67,INV-82063,Sunrise Financial,2025-05-24,GBP,CR,NTRY-000035,PMT-REF-000035,33157.67,Sunrise Financial,PMT-REF-000035 INV-82063,2025-05-24,2025-05-24,2025-05-24,GBP,CR,Direct Match - E2E ID,DIRECT_P1
PSR-000036,PMT-REF-000036,43685.44,INV-65461,Delta Commerce,2025-10-25,GBP,CR,NTRY-000036,PMT-REF-000036,43685.44,Delta Commerce,PMT-REF-000036 INV-65461,2025-10-25,2025-10-25,2025-10-25,GBP,CR,Direct Match - E2E ID,DIRECT_P1
PSR-000037,PMT-REF-000037,34648.45,INV-50857,Metro Supply Chain,2025-12-25,EUR,CR,NTRY-000037,PMT-REF-000037,34648.45,Metro Supply Chain,PMT-REF-000037 INV-50857,2025-12-25,2025-12-25,2025-12-25,EUR,CR,Direct Match - E2E ID,DIRECT_P1
PSR-000038,PMT-REF-000038,22185.95,INV-77839,Redwood Corp,2025-03-06,USD,CR,NTRY-000038,PMT-REF-000038,22185.95,Redwood Corp,PMT-REF-000038 INV-77839,2025-03-06,2025-03-06,2025-03-06,USD,CR,Direct Match - E2E ID,DIRECT_P1
PSR-000039,PMT-REF-000039,11622.52,INV-54313,Acme Supply,2025-11-22,GBP,CR,NTRY-000039,PMT-REF-000039,11622.52,Acme Supply,PMT-REF-000039 INV-54313,2025-11-22,2025-11-22,2025-11-22,GBP,CR,Direct Match - E2E ID,DIRECT_P1
PSR-000040,PMT-REF-000040,11890.68,INV-38864,Acme Supply,2025-02-09,GBP,CR,NTRY-000040,PMT-REF-000040,11890.68,Acme Supply,PMT-REF-000040 INV-38864,2025-02-09,2025-02-09,2025-02-09,GBP,CR,Direct Match - E2E ID,DIRECT_P1
PSR-000041,PMT-REF-000041,31739.6,INV-40007,Global Logistics,2025-01-17,EUR,CR,NTRY-000041,PMT-REF-000041,31739.6,Global Logistics,PMT-REF-000041 INV-40007,2025-01-17,2025-01-17,2025-01-17,EUR,CR,Direct Match - E2E ID,DIRECT_P1
PSR-000042,PMT-REF-000042,4007.44,INV-41195,Sterling Partners,2025-09-25,USD,CR,NTRY-000042,PMT-REF-000042,4007.44,Sterling Partners,PMT-REF-000042 INV-41195,2025-09-25,2025-09-25,2025-09-25,USD,CR,Direct Match - E2E ID,DIRECT_P1
PSR-000043,PMT-REF-000043,27192.08,INV-84847,Cascade Trading,2025-09-19,USD,CR,NTRY-000043,PMT-REF-000043,27192.08,Cascade Trading,PMT-REF-000043 INV-84847,2025-09-19,2025-09-19,2025-09-19,USD,CR,Direct Match - E2E ID,DIRECT_P1
PSR-000044,PMT-REF-000044,39338.66,INV-63354,Delta Commerce,2025-02-21,USD,CR,NTRY-000044,PMT-REF-000044,39338.66,Delta Commerce,PMT-REF-000044 INV-63354,2025-02-21,2025-02-21,2025-02-21,USD,CR,Direct Match - E2E ID,DIRECT_P1
PSR-000045,PMT-REF-000045,33119.65,INV-56438,Pinnacle Group,2025-08-15,EUR,CR,NTRY-000045,PMT-REF-000045,33119.65,Pinnacle Group,PMT-REF-000045 INV-56438,2025-08-15,2025-08-15,2025-08-15,EUR,CR,Direct Match - E2E ID,DIRECT_P1
PSR-000046,PMT-REF-000046,43259.92,INV-17100,Pacific Imports,2025-02-04,EUR,CR,NTRY-000046,PMT-REF-000046,43259.92,Pacific Imports,PMT-REF-000046 INV-17100,2025-02-04,2025-02-04,2025-02-04,EUR,CR,Direct Match - E2E ID,DIRECT_P1
PSR-000047,PMT-REF-000047,36546.57,INV-24322,Horizon Tech,2025-04-15,USD,CR,NTRY-000047,PMT-REF-000047,36546.57,Horizon Tech,PMT-REF-000047 INV-24322,2025-04-15,2025-04-15,2025-04-15,USD,CR,Direct Match - E2E ID,DIRECT_P1
PSR-000048,PMT-REF-000048,27046.14,INV-28373,Pinnacle Group,2025-04-10,EUR,CR,NTRY-000048,PMT-REF-000048,27046.14,Pinnacle Group,PMT-REF-000048 INV-28373,2025-04-10,2025-04-10,2025-04-10,EUR,CR,Direct Match - E2E ID,DIRECT_P1
PSR-000049,PMT-REF-000049,23400.09,INV-19880,Redwood Corp,2025-11-02,USD,CR,NTRY-000049,PMT-REF-000049,23400.09,Redwood Corp,PMT-REF-000049 INV-19880,2025-11-02,2025-11-02,2025-11-02,USD,CR,Direct Match - E2E ID,DIRECT_P1
PSR-000050,PMT-REF-000050,3004.12,INV-80855,Acme Supply,2025-02-20,USD,CR,NTRY-000050,PMT-REF-000050,3004.12,Acme Supply,PMT-REF-000050 INV-80855,2025-02-20,2025-02-20,2025-02-20,USD,CR,Direct Match - E2E ID,DIRECT_P1
PSR-000051,PMT-REF-000051,8732.4,INV-73653,Silver Stream Ltd,2025-04-26,EUR,CR,NTRY-000051,PMT-REF-000051,8732.4,Silver Stream Ltd,PMT-REF-000051 INV-73653,2025-04-26,2025-04-26,2025-04-26,EUR,CR,Direct Match - E2E ID,DIRECT_P1
PSR-000052,PMT-REF-000052,45170.92,INV-31579,Metro Supply Chain,2025-01-02,EUR,CR,NTRY-000052,PMT-REF-000052,45170.92,Metro Supply Chain,PMT-REF-000052 INV-31579,2025-01-02,2025-01-02,2025-01-02,EUR,CR,Direct Match - E2E ID,DIRECT_P1
PSR-000053,PMT-REF-000053,13627.55,INV-69638,Summit Industries,2025-08-21,GBP,CR,NTRY-000053,PMT-REF-000053,13627.55,Summit Industries,PMT-REF-000053 INV-69638,2025-08-21,2025-08-21,2025-08-21,GBP,CR,Direct Match - E2E ID,DIRECT_P1
PSR-000054,PMT-REF-000054,47887.22,INV-82845,Silver Stream Ltd,2025-03-24,USD,CR,NTRY-000054,PMT-REF-000054,47887.22,Silver Stream Ltd,PMT-REF-000054 INV-82845,2025-03-24,2025-03-24,2025-03-24,USD,CR,Direct Match - E2E ID,DIRECT_P1
PSR-000055,PMT-REF-000055,15187.04,INV-17665,Cascade Trading,2025-10-26,USD,CR,NTRY-000055,PMT-REF-000055,15187.04,Cascade Trading,PMT-REF-000055 INV-17665,2025-10-26,2025-10-26,2025-10-26,USD,CR,Direct Match - E2E ID,DIRECT_P1
PSR-000056,PMT-REF-000056,37524.79,INV-17492,Blue Ocean Trading,2025-11-20,EUR,CR,NTRY-000056,PMT-REF-000056,37524.79,Blue Ocean Trading,PMT-REF-000056 INV-17492,2025-11-20,2025-11-20,2025-11-20,EUR,CR,Direct Match - E2E ID,DIRECT_P1
PSR-000057,PMT-REF-000057,25391.09,INV-79615,Sunrise Financial,2025-02-02,GBP,CR,NTRY-000057,PMT-REF-000057,25391.09,Sunrise Financial,PMT-REF-000057 INV-79615,2025-02-02,2025-02-02,2025-02-02,GBP,CR,Direct Match - E2E ID,DIRECT_P1
PSR-000058,PMT-REF-000058,4465.52,INV-34356,Global Logistics,2025-11-25,USD,CR,NTRY-000058,PMT-REF-000058,4465.52,Global Logistics,PMT-REF-000058 INV-34356,2025-11-25,2025-11-25,2025-11-25,USD,CR,Direct Match - E2E ID,DIRECT_P1
PSR-000059,PMT-REF-000059,33923.02,INV-40828,Metro Supply Chain,2025-03-06,GBP,CR,NTRY-000059,PMT-REF-000059,33923.02,Metro Supply Chain,PMT-REF-000059 INV-40828,2025-03-06,2025-03-06,2025-03-06,GBP,CR,Direct Match - E2E ID,DIRECT_P1
PSR-000060,PMT-REF-000060,12687.66,INV-87924,Blue Ocean Trading,2025-12-10,USD,CR,NTRY-000060,PMT-REF-000060,12687.66,Blue Ocean Trading,PMT-REF-000060 INV-87924,2025-12-10,2025-12-10,2025-12-10,USD,CR,Direct Match - E2E ID,DIRECT_P1
PSR-000061,PMT-REF-000061,21251.63,INV-86503,Cascade Trading,2025-10-16,EUR,CR,NTRY-000061,PMT-REF-000061,21251.63,Cascade Trading,PMT-REF-000061 INV-86503,2025-10-16,2025-10-16,2025-10-16,EUR,CR,Direct Match - E2E ID,DIRECT_P1
PSR-000062,PMT-REF-000062,46767.96,INV-36772,Apex Distribution,2025-05-11,EUR,CR,NTRY-000062,PMT-REF-000062,46767.96,Apex Distribution,PMT-REF-000062 INV-36772,2025-05-11,2025-05-11,2025-05-11,EUR,CR,Direct Match - E2E ID,DIRECT_P1
PSR-000063,PMT-REF-000063,20091.4,INV-98039,Summit Industries,2025-09-11,EUR,CR,NTRY-000063,PMT-REF-000063,20091.4,Summit Industries,PMT-REF-000063 INV-98039,2025-09-11,2025-09-11,2025-09-11,EUR,CR,Direct Match - E2E ID,DIRECT_P1
PSR-000064,PMT-REF-000064,46486.41,INV-19508,Acme Supply,2025-09-11,GBP,CR,NTRY-000064,PMT-REF-000064,46486.41,Acme Supply,PMT-REF-000064 INV-19508,2025-09-11,2025-09-11,2025-09-11,GBP,CR,Direct Match - E2E ID,DIRECT_P1
PSR-000065,PMT-REF-000065,49923.49,INV-23104,Global Logistics,2025-10-24,USD,CR,NTRY-000065,PMT-REF-000065,49923.49,Global Logistics,PMT-REF-000065 INV-23104,2025-10-24,2025-10-24,2025-10-24,USD,CR,Direct Match - E2E ID,DIRECT_P1
PSR-000066,PMT-REF-000066,25541.29,INV-27361,Coastal Ventures,2025-02-08,USD,CR,NTRY-000066,PMT-REF-000066,25541.29,Coastal Ventures,PMT-REF-000066 INV-27361,2025-02-08,2025-02-08,2025-02-08,USD,CR,Direct Match - E2E ID,DIRECT_P1
PSR-000067,PMT-REF-000067,18791.59,INV-30676,Redwood Corp,2025-10-27,GBP,CR,NTRY-000067,PMT-REF-000067,18791.59,Redwood Corp,PMT-REF-000067 INV-30676,2025-10-27,2025-10-27,2025-10-27,GBP,CR,Direct Match - E2E ID,DIRECT_P1
PSR-000068,PMT-REF-000068,15474.6,INV-95717,Quantum Solutions,2025-01-05,GBP,CR,NTRY-000068,PMT-REF-000068,15474.6,Quantum Solutions,PMT-REF-000068 INV-95717,2025-01-05,2025-01-05,2025-01-05,GBP,CR,Direct Match - E2E ID,DIRECT_P1
PSR-000069,PMT-REF-000069,40946.65,INV-49240,Pacific Imports,2025-03-13,EUR,CR,NTRY-000069,PMT-REF-000069,40946.65,Pacific Imports,PMT-REF-000069 INV-49240,2025-03-13,2025-03-13,2025-03-13,EUR,CR,Direct Match - E2E ID,DIRECT_P1
PSR-000070,PMT-REF-000070,6213.72,INV-24029,Vista Industries,2025-03-24,EUR,CR,NTRY-000070,PMT-REF-000070,6213.72,Vista Industries,PMT-REF-000070 INV-24029,2025-03-24,2025-03-24,2025-03-24,EUR,CR,Direct Match - E2E ID,DIRECT_P1
PSR-000071,PMT-REF-000071,14446.94,INV-37607,Apex Distribution,2025-04-21,GBP,CR,NTRY-000071,PMT-REF-000071,14446.94,Apex Distribution,PMT-REF-000071 INV-37607,2025-04-21,2025-04-21,2025-04-21,GBP,CR,Direct Match - E2E ID,DIRECT_P1
PSR-000072,PMT-REF-000072,31894.78,INV-44600,Quantum Solutions,2025-09-27,EUR,CR,NTRY-000072,PMT-REF-000072,31894.78,Quantum Solutions,PMT-REF-000072 INV-44600,2025-09-27,2025-09-27,2025-09-27,EUR,CR,Direct Match - E2E ID,DIRECT_P1
PSR-000073,PMT-REF-000073,45314.16,INV-16658,Global Logistics,2025-12-17,EUR,CR,NTRY-000073,PMT-REF-000073,45314.16,Global Logistics,PMT-REF-000073 INV-16658,2025-12-17,2025-12-17,2025-12-17,EUR,CR,Direct Match - E2E ID,DIRECT_P1
PSR-000074,PMT-REF-000074,41552.73,INV-15778,Acme Supply,2025-07-03,USD,CR,NTRY-000074,PMT-REF-000074,41552.73,Acme Supply,PMT-REF-000074 INV-15778,2025-07-03,2025-07-03,2025-07-03,USD,CR,Direct Match - E2E ID,DIRECT_P1
PSR-000075,PMT-REF-000075,32037.11,INV-44335,Sunrise Financial,2025-09-03,GBP,CR,NTRY-000075,PMT-REF-000075,32037.11,Sunrise Financial,PMT-REF-000075 INV-44335,2025-09-03,2025-09-03,2025-09-03,GBP,CR,Direct Match - E2E ID,DIRECT_P1
PSR-000076,PMT-REF-000076,35430.54,INV-83519,Acme Supply,2025-03-02,USD,CR,NTRY-000076,PMT-REF-000076,35430.54,Acme Supply,PMT-REF-000076 INV-83519,2025-03-02,2025-03-02,2025-03-02,USD,CR,Direct Match - E2E ID,DIRECT_P1
PSR-000077,PMT-REF-000077,47280.02,INV-29536,Vista Industries,2025-01-19,EUR,CR,NTRY-000077,PMT-REF-000077,47280.02,Vista Industries,PMT-REF-000077 INV-29536,2025-01-19,2025-01-19,2025-01-19,EUR,CR,Direct Match - E2E ID,DIRECT_P1
PSR-000078,PMT-REF-000078,29334.22,INV-29410,Pinnacle Group,2025-03-10,USD,CR,NTRY-000078,PMT-REF-000078,29334.22,Pinnacle Group,PMT-REF-000078 INV-29410,2025-03-10,2025-03-10,2025-03-10,USD,CR,Direct Match - E2E ID,DIRECT_P1
PSR-000079,PMT-REF-000079,15758.79,INV-15229,Coastal Ventures,2025-04-24,GBP,CR,NTRY-000079,PMT-REF-000079,15758.79,Coastal Ventures,PMT-REF-000079 INV-15229,2025-04-24,2025-04-24,2025-04-24,GBP,CR,Direct Match - E2E ID,DIRECT_P1
PSR-000080,PMT-REF-000080,12851.72,INV-23473,Coastal Ventures,2025-11-07,EUR,CR,NTRY-000080,PMT-REF-000080,12851.72,Coastal Ventures,PMT-REF-000080 INV-23473,2025-11-07,2025-11-07,2025-11-07,EUR,CR,Direct Match - E2E ID,DIRECT_P1
PSR-000081,PMT-REF-000081,48704.93,INV-30257,Horizon Tech,2025-03-28,USD,CR,NTRY-000081,E2E-872343,48704.93,Horizon Tech LLC,Payment advice 125990 ref 3938,2025-03-28,2025-03-28,2025-03-28,USD,CR,Fuzzy Counterparty,FUZZY_P4
PSR-000082,PMT-REF-000082,46262.12,INV-63964,Horizon Tech,2025-05-25,USD,CR,NTRY-000082,E2E-593554,46262.12,Horizon Tech Inc,Payment advice 501124 ref 1634,2025-05-25,2025-05-25,2025-05-25,USD,CR,Fuzzy Counterparty,FUZZY_P4
PSR-000083,PMT-REF-000083,11510.47,INV-70332,Coastal Ventures,2025-06-17,USD,CR,NTRY-000083,E2E-517821,11510.47,Coastal Ventures Group,Payment advice 124813 ref 4164,2025-06-17,2025-06-17,2025-06-17,USD,CR,Fuzzy Counterparty,FUZZY_P4
PSR-000084,PMT-REF-000084,16748.97,INV-19099,Sterling Partners,2025-07-12,GBP,CR,NTRY-000084,E2E-447235,16748.97,Sterling Partners SA,Payment advice 519093 ref 9785,2025-07-12,2025-07-12,2025-07-12,GBP,CR,Fuzzy Counterparty,FUZZY_P4
PSR-000085,PMT-REF-000085,46992.24,INV-25118,Sterling Partners,2025-04-08,GBP,CR,NTRY-000085,E2E-725550,46992.24,Sterling Partners Partners,Payment advice 140115 ref 2776,2025-04-08,2025-04-08,2025-04-08,GBP,CR,Fuzzy Counterparty,FUZZY_P4
PSR-000086,PMT-REF-000086,22010.91,INV-51114,Pinnacle Group,2025-12-03,GBP,CR,NTRY-000086,E2E-367095,22010.91,Pinnacle Group Inc,Payment advice 503906 ref 4114,2025-12-03,2025-12-03,2025-12-03,GBP,CR,Fuzzy Counterparty,FUZZY_P4
PSR-000087,PMT-REF-000087,2697.13,INV-67154,Acme Supply,2025-10-15,GBP,CR,NTRY-000087,E2E-173372,2697.13,Acme Supply Group,Payment advice 481913 ref 8066,2025-10-15,2025-10-15,2025-10-15,GBP,CR,Fuzzy Counterparty,FUZZY_P4
PSR-000088,PMT-REF-000088,47469.29,INV-53279,Nexus Partners,2025-06-21,GBP,CR,NTRY-000088,E2E-631756,47469.29,Nexus Partners Inc,Payment advice 854717 ref 5920,2025-06-21,2025-06-21,2025-06-21,GBP,CR,Fuzzy Counterparty,FUZZY_P4
PSR-000089,PMT-REF-000089,15809.59,INV-63528,Apex Distribution,2025-08-11,GBP,CR,NTRY-000089,E2E-301158,15809.59,Apex Distribution Partners,Payment advice 681343 ref 3085,2025-08-11,2025-08-11,2025-08-11,GBP,CR,Fuzzy Counterparty,FUZZY_P4
PSR-000090,PMT-REF-000090,21312.09,INV-59695,Sunrise Financial,2025-12-08,GBP,CR,NTRY-000090,E2E-974224,21312.09,Sunrise Financial Partners,Payment advice 525800 ref 9977,2025-12-08,2025-12-08,2025-12-08,GBP,CR,Fuzzy Counterparty,FUZZY_P4
PSR-000091,PMT-REF-000091,520.09,INV-47606,Delta Commerce,2025-08-25,GBP,CR,NTRY-000091,E2E-587575,520.09,Delta Commerce GmbH,Payment advice 786508 ref 6279,2025-08-25,2025-08-25,2025-08-25,GBP,CR,Fuzzy Counterparty,FUZZY_P4
PSR-000092,PMT-REF-000092,22368.41,INV-98555,Delta Commerce,2025-10-10,EUR,CR,NTRY-000092,E2E-397571,22368.41,Delta Commerce Corp,Payment advice 790855 ref 2389,2025-10-10,2025-10-10,2025-10-10,EUR,CR,Fuzzy Counterparty,FUZZY_P4
PSR-000093,PMT-REF-000093,26014.87,INV-92960,Nexus Partners,2025-07-04,USD,CR,NTRY-000093,E2E-335552,26014.87,Nexus Partners Group,Payment advice 805477 ref 6085,2025-07-04,2025-07-04,2025-07-04,USD,CR,Fuzzy Counterparty,FUZZY_P4
PSR-000094,PMT-REF-000094,40424.86,INV-29313,Acme Supply,2025-01-24,USD,CR,NTRY-000094,E2E-577538,40424.86,Acme Supply Holdings,Payment advice 740967 ref 2193,2025-01-24,2025-01-24,2025-01-24,USD,CR,Fuzzy Counterparty,FUZZY_P4
PSR-000095,PMT-REF-000095,21014.83,INV-92544,Cascade Trading,2025-04-16,GBP,CR,NTRY-000095,E2E-355836,21014.83,Cascade Trading LLC,Payment advice 618392 ref 7547,2025-04-16,2025-04-16,2025-04-16,GBP,CR,Fuzzy Counterparty,FUZZY_P4
PSR-000096,PMT-REF-000096,7804.78,INV-10726,Pacific Imports,2025-08-22,USD,CR,NTRY-000096,E2E-587115,7804.78,Pacific Imports Corp,Payment advice 943170 ref 9486,2025-08-22,2025-08-22,2025-08-22,USD,CR,Fuzzy Counterparty,FUZZY_P4
PSR-000097,PMT-REF-000097,2985.81,INV-42662,Pacific Imports,2025-09-10,USD,CR,NTRY-000097,E2E-686075,2985.81,Pacific Imports Holdings,Payment advice 800005 ref 9702,2025-09-10,2025-09-10,2025-09-10,USD,CR,Fuzzy Counterparty,FUZZY_P4
PSR-000098,PMT-REF-000098,29974.89,INV-68008,Nexus Partners,2025-10-07,EUR,CR,NTRY-000098,E2E-879779,29974.89,Nexus Partners SA,Payment advice 567574 ref 3607,2025-10-07,2025-10-07,2025-10-07,EUR,CR,Fuzzy Counterparty,FUZZY_P4
PSR-000099,PMT-REF-000099,43144.0,INV-68991,Sterling Partners,2025-05-15,GBP,CR,NTRY-000099,E2E-608136,43144.0,Sterling Partners Partners,Payment advice 903013 ref 9540,2025-05-15,2025-05-15,2025-05-15,GBP,CR,Fuzzy Counterparty,FUZZY_P4
PSR-000100,PMT-REF-000100,31524.05,INV-45992,Redwood Corp,2025-02-12,GBP,CR,NTRY-000100,E2E-452161,31524.05,Redwood Corp Partners,Payment advice 345884 ref 5451,2025-02-12,2025-02-12,2025-02-12,GBP,CR,Fuzzy Counterparty,FUZZY_P4
PSR-000101,PMT-REF-000101,16325.62,INV-80798,Global Logistics,2025-03-15,USD,CR,NTRY-000101,E2E-840734,16325.62,Global Logistics Group,Payment advice 501641 ref 3503,2025-03-15,2025-03-15,2025-03-15,USD,CR,Fuzzy Counterparty,FUZZY_P4
PSR-000102,PMT-REF-000102,11090.67,INV-64377,Pinnacle Group,2025-07-02,GBP,CR,NTRY-000102,E2E-316881,11090.67,Pinnacle Group Holdings,Payment advice 535970 ref 2020,2025-07-02,2025-07-02,2025-07-02,GBP,CR,Fuzzy Counterparty,FUZZY_P4
PSR-000103,PMT-REF-000103,41728.11,INV-61049,Cascade Trading,2025-01-11,GBP,CR,NTRY-000103,E2E-468845,41728.11,Cascade Trading LLC,Payment advice 600149 ref 1096,2025-01-11,2025-01-11,2025-01-11,GBP,CR,Fuzzy Counterparty,FUZZY_P4
PSR-000104,PMT-REF-000104,15281.33,INV-61116,Pinnacle Group,2025-10-24,GBP,CR,NTRY-000104,E2E-611945,15281.33,Pinnacle Group SA,Payment advice 938722 ref 4613,2025-10-24,2025-10-24,2025-10-24,GBP,CR,Fuzzy Counterparty,FUZZY_P4
PSR-000105,PMT-REF-000105,11361.37,INV-67125,Silver Stream Ltd,2025-01-15,EUR,CR,NTRY-000105,E2E-859359,11361.37,Silver Stream Ltd Co,Payment advice 801364 ref 7624,2025-01-15,2025-01-15,2025-01-15,EUR,CR,Fuzzy Counterparty,FUZZY_P4
PSR-000106,PMT-REF-000106,8669.71,INV-71261,Northern Star Corp,2025-12-11,GBP,CR,NTRY-000106,E2E-188025,8669.71,Northern Star Corp Ltd,Payment advice 513160 ref 1444,2025-12-11,2025-12-11,2025-12-11,GBP,CR,Fuzzy Counterparty,FUZZY_P4
PSR-000107,PMT-REF-000107,32316.11,INV-27786,Redwood Corp,2025-04-10,USD,CR,NTRY-000107,E2E-321941,32316.11,Redwood Corp Partners,Payment advice 497519 ref 6363,2025-04-10,2025-04-10,2025-04-10,USD,CR,Fuzzy Counterparty,FUZZY_P4
PSR-000108,PMT-REF-000108,23007.62,INV-54236,Metro Supply Chain,2025-06-03,EUR,CR,NTRY-000108,E2E-593152,23007.62,Metro Supply Chain Partners,Payment advice 975467 ref 2341,2025-06-03,2025-06-03,2025-06-03,EUR,CR,Fuzzy Counterparty,FUZZY_P4
PSR-000109,PMT-REF-000109,1459.47,INV-80702,Blue Ocean Trading,2025-07-12,USD,CR,NTRY-000109,E2E-890870,1459.47,Blue Ocean Trading Inc,Payment advice 919182 ref 1659,2025-07-12,2025-07-12,2025-07-12,USD,CR,Fuzzy Counterparty,FUZZY_P4
PSR-000110,PMT-REF-000110,2035.98,INV-42411,Delta Commerce,2025-01-11,GBP,CR,NTRY-000110,E2E-596564,2035.98,Delta Commerce Corp,Payment advice 350132 ref 3068,2025-01-11,2025-01-11,2025-01-11,GBP,CR,Fuzzy Counterparty,FUZZY_P4
PSR-000111,PMT-REF-000111,33638.21,INV-83920,Delta Commerce,2025-09-15,GBP,CR,NTRY-000111,E2E-275939,33638.21,Delta Commerce,Payment advice 904150 ref 7043,2025-09-15,2025-09-15,2025-09-15,GBP,CR,Fuzzy Counterparty,FUZZY_P4
PSR-000112,PMT-REF-000112,30491.69,INV-25012,Sunrise Financial,2025-06-20,USD,CR,NTRY-000112,E2E-515922,30491.69,Financial Sunrise,Payment advice 427110 ref 7149,2025-06-20,2025-06-20,2025-06-20,USD,CR,Fuzzy Counterparty,FUZZY_P4
PSR-000113,PMT-REF-000113,47102.79,INV-35995,Global Logistics,2025-11-24,GBP,CR,NTRY-000113,E2E-991597,47102.79,Logistics Global,Payment advice 206851 ref 5941,2025-11-24,2025-11-24,2025-11-24,GBP,CR,Fuzzy Counterparty,FUZZY_P4
PSR-000114,PMT-REF-000114,34370.82,INV-25866,Cascade Trading,2025-01-22,EUR,CR,NTRY-000114,E2E-172306,34370.82,Cascade Trading,Payment advice 793655 ref 7071,2025-01-22,2025-01-22,2025-01-22,EUR,CR,Fuzzy Counterparty,FUZZY_P4
PSR-000115,PMT-REF-000115,25545.06,INV-54725,Acme Supply,2025-08-20,EUR,CR,NTRY-000115,E2E-766459,25545.06,Supply Acme,Payment advice 554582 ref 6934,2025-08-20,2025-08-20,2025-08-20,EUR,CR,Fuzzy Counterparty,FUZZY_P4
PSR-000116,PMT-REF-000116,44632.96,INV-70258,Northern Star Corp,2025-08-27,USD,CR,NTRY-000116,E2E-912270,44632.96,Northern Star Corp,Payment advice 745830 ref 9817,2025-08-27,2025-08-27,2025-08-27,USD,CR,Fuzzy Counterparty,FUZZY_P4
PSR-000117,PMT-REF-000117,24433.13,INV-67091,Cascade Trading,2025-05-26,EUR,CR,NTRY-000117,E2E-392477,24433.13,Trading Cascade,Payment advice 971084 ref 2419,2025-05-26,2025-05-26,2025-05-26,EUR,CR,Fuzzy Counterparty,FUZZY_P4
PSR-000118,PMT-REF-000118,44140.74,INV-41963,Redwood Corp,2025-11-12,GBP,CR,NTRY-000118,E2E-618317,44140.74,Redwood Corp,Payment advice 452737 ref 1470,2025-11-12,2025-11-12,2025-11-12,GBP,CR,Fuzzy Counterparty,FUZZY_P4
PSR-000119,PMT-REF-000119,42622.17,INV-33834,Silver Stream Ltd,2025-04-25,EUR,CR,NTRY-000119,E2E-682789,42622.17,Silver Ltd Stream,Payment advice 393243 ref 5526,2025-04-25,2025-04-25,2025-04-25,EUR,CR,Fuzzy Counterparty,FUZZY_P4
PSR-000120,PMT-REF-000120,1002.48,INV-35042,Global Logistics,2025-05-12,GBP,CR,NTRY-000120,E2E-824156,1002.48,Global Logistics,Payment advice 612311 ref 4937,2025-05-12,2025-05-12,2025-05-12,GBP,CR,Fuzzy Counterparty,FUZZY_P4
PSR-000121,PMT-REF-000121,24066.61,INV-74332,Redwood Corp,2025-01-09,USD,CR,NTRY-000121,E2E-825391,24066.61,Redwood Corp,Payment advice 332360 ref 7625,2025-01-09,2025-01-09,2025-01-09,USD,CR,Fuzzy Counterparty,FUZZY_P4
PSR-000122,PMT-REF-000122,12543.61,INV-97026,Cascade Trading,2025-07-21,EUR,CR,NTRY-000122,E2E-468900,12543.61,Cascade Trading,Payment advice 546173 ref 6419,2025-07-21,2025-07-21,2025-07-21,EUR,CR,Fuzzy Counterparty,FUZZY_P4
PSR-000123,PMT-REF-000123,35291.32,INV-45509,Summit Industries,2025-05-17,USD,CR,NTRY-000123,E2E-430876,35291.32,Industries Summit,Payment advice 856321 ref 4155,2025-05-17,2025-05-17,2025-05-17,USD,CR,Fuzzy Counterparty,FUZZY_P4
PSR-000124,PMT-REF-000124,6417.96,INV-80236,Sunrise Financial,2025-04-15,USD,CR,NTRY-000124,E2E-725780,6417.96,Sunrise Financial,Payment advice 389930 ref 9595,2025-04-15,2025-04-15,2025-04-15,USD,CR,Fuzzy Counterparty,FUZZY_P4
PSR-000125,PMT-REF-000125,14508.44,INV-23176,Delta Commerce,2025-06-12,USD,CR,NTRY-000125,E2E-114835,14508.44,Delta Commerce,Payment advice 288158 ref 5952,2025-06-12,2025-06-12,2025-06-12,USD,CR,Fuzzy Counterparty,FUZZY_P4
PSR-000126,PMT-REF-000126,35546.92,INV-26591,Sterling Partners,2025-01-24,USD,CR,NTRY-000126,E2E-768854,35546.92,Sterling Partners,Payment advice 831295 ref 3068,2025-01-24,2025-01-24,2025-01-24,USD,CR,Fuzzy Counterparty,FUZZY_P4
PSR-000127,PMT-REF-000127,43488.83,INV-74340,Pacific Imports,2025-01-07,GBP,CR,NTRY-000127,E2E-561865,43488.83,Pacific Imports,Payment advice 592198 ref 8843,2025-01-07,2025-01-07,2025-01-07,GBP,CR,Fuzzy Counterparty,FUZZY_P4
PSR-000128,PMT-REF-000128,17364.94,INV-16734,Sterling Partners,2025-09-21,USD,CR,NTRY-000128,E2E-177680,17364.94,Partners Sterling,Payment advice 520172 ref 9056,2025-09-21,2025-09-21,2025-09-21,USD,CR,Fuzzy Counterparty,FUZZY_P4
PSR-000129,PMT-REF-000129,29062.55,INV-99974,Blue Ocean Trading,2025-03-22,USD,CR,NTRY-000129,E2E-224205,29062.55,Blue Ocean Trading,Payment advice 189318 ref 5066,2025-03-22,2025-03-22,2025-03-22,USD,CR,Fuzzy Counterparty,FUZZY_P4
PSR-000130,PMT-REF-000130,28124.62,INV-64548,Nexus Partners,2025-11-26,GBP,CR,NTRY-000130,E2E-498855,28124.62,Partners Nexus,Payment advice 913373 ref 9561,2025-11-26,2025-11-26,2025-11-26,GBP,CR,Fuzzy Counterparty,FUZZY_P4
PSR-000131,PMT-REF-000131,22800.47,INV-68028,Summit Industries,2025-11-22,EUR,CR,NTRY-000131,E2E-739244,22800.47,Summit Industries,Payment advice 696251 ref 1986,2025-11-22,2025-11-22,2025-11-22,EUR,CR,Fuzzy Counterparty,FUZZY_P4
PSR-000132,PMT-REF-000132,48025.38,INV-23006,Delta Commerce,2025-12-13,USD,CR,NTRY-000132,E2E-264686,48025.38,Delta Commerce,Payment advice 792509 ref 2330,2025-12-13,2025-12-13,2025-12-13,USD,CR,Fuzzy Counterparty,FUZZY_P4
PSR-000133,PMT-REF-000133,12373.33,INV-82350,Global Logistics,2025-03-25,USD,CR,NTRY-000133,E2E-405407,12373.33,Global Logistics,Payment advice 572387 ref 8699,2025-03-25,2025-03-25,2025-03-25,USD,CR,Fuzzy Counterparty,FUZZY_P4
PSR-000134,PMT-REF-000134,2115.67,INV-47762,Summit Industries,2025-09-09,USD,CR,NTRY-000134,E2E-545790,2115.67,Industries Summit,Payment advice 377405 ref 4241,2025-09-09,2025-09-09,2025-09-09,USD,CR,Fuzzy Counterparty,FUZZY_P4
PSR-000135,PMT-REF-000135,6181.43,INV-39466,Northern Star Corp,2025-05-25,USD,CR,NTRY-000135,E2E-723948,6181.43,Star Corp Northern,Payment advice 273982 ref 6039,2025-05-25,2025-05-25,2025-05-25,USD,CR,Fuzzy Counterparty,FUZZY_P4
PSR-000136,PMT-REF-000136,37573.41,INV-84607,Summit Industries,2025-09-01,USD,CR,NTRY-000136,E2E-833723,37573.41,Summit Industries,Payment advice 822131 ref 5982,2025-09-01,2025-09-01,2025-09-01,USD,CR,Fuzzy Counterparty,FUZZY_P4
PSR-000137,PMT-REF-000137,20424.17,INV-45683,Quantum Solutions,2025-10-25,EUR,CR,NTRY-000137,E2E-553014,20424.17,Quantum Solutions,Payment advice 184349 ref 1653,2025-10-25,2025-10-25,2025-10-25,EUR,CR,Fuzzy Counterparty,FUZZY_P4
PSR-000138,PMT-REF-000138,36859.43,INV-89129,Sterling Partners,2025-01-14,USD,CR,NTRY-000138,E2E-901909,36859.43,Partners Sterling,Payment advice 807053 ref 1339,2025-01-14,2025-01-14,2025-01-14,USD,CR,Fuzzy Counterparty,FUZZY_P4
PSR-000139,PMT-REF-000139,33777.94,INV-45325,Cascade Trading,2025-01-21,USD,CR,NTRY-000139,E2E-391668,33777.94,Cascade Trading,Payment advice 644173 ref 8245,2025-01-21,2025-01-21,2025-01-21,USD,CR,Fuzzy Counterparty,FUZZY_P4
PSR-000140,PMT-REF-000140,9483.71,INV-86720,Pinnacle Group,2025-12-18,EUR,CR,NTRY-000140,E2E-528184,9483.71,Group Pinnacle,Payment advice 592841 ref 6700,2025-12-18,2025-12-18,2025-12-18,EUR,CR,Fuzzy Counterparty,FUZZY_P4
PSR-000141,PMT-REF-000141,16998.77,INV-97835,Pacific Imports,2025-03-27,EUR,CR,NTRY-000141,,16998.77,Pacific Imports,PMT-REF-000141,2025-03-27,2025-03-27,2025-03-27,EUR,CR,Direct Match - PMT-REF No E2E,DIRECT_P2
PSR-000142,PMT-REF-000142,20876.43,INV-74942,Summit Industries,2025-08-10,GBP,CR,NTRY-000142,,20876.43,Summit Industries,PMT-REF-000142,2025-08-10,2025-08-10,2025-08-10,GBP,CR,Direct Match - PMT-REF No E2E,DIRECT_P2
PSR-000143,PMT-REF-000143,2316.51,INV-21542,Apex Distribution,2025-05-18,EUR,CR,NTRY-000143,,2316.51,Apex Distribution,PMT-REF-000143,2025-05-18,2025-05-18,2025-05-18,EUR,CR,Direct Match - PMT-REF No E2E,DIRECT_P2
PSR-000144,PMT-REF-000144,6238.12,INV-62976,Quantum Solutions,2025-01-01,GBP,CR,NTRY-000144,,6238.12,Quantum Solutions,PMT-REF-000144,2025-01-01,2025-01-01,2025-01-01,GBP,CR,Direct Match - PMT-REF No E2E,DIRECT_P2
PSR-000145,PMT-REF-000145,43533.69,INV-70552,Pinnacle Group,2025-01-28,USD,CR,NTRY-000145,,43533.69,Pinnacle Group,PMT-REF-000145,2025-01-28,2025-01-28,2025-01-28,USD,CR,Direct Match - PMT-REF No E2E,DIRECT_P2
PSR-000146,PMT-REF-000146,26162.75,INV-91609,Silver Stream Ltd,2025-12-13,EUR,CR,NTRY-000146,,26162.75,Silver Stream Ltd,PMT-REF-000146,2025-12-13,2025-12-13,2025-12-13,EUR,CR,Direct Match - PMT-REF No E2E,DIRECT_P2
PSR-000147,PMT-REF-000147,38119.53,INV-36680,Sterling Partners,2025-11-02,USD,CR,NTRY-000147,,38119.53,Sterling Partners,PMT-REF-000147,2025-11-02,2025-11-02,2025-11-02,USD,CR,Direct Match - PMT-REF No E2E,DIRECT_P2
PSR-000148,PMT-REF-000148,46419.8,INV-67424,Silver Stream Ltd,2025-03-07,USD,CR,NTRY-000148,,46419.8,Silver Stream Ltd,PMT-REF-000148,2025-03-07,2025-03-07,2025-03-07,USD,CR,Direct Match - PMT-REF No E2E,DIRECT_P2
PSR-000149,PMT-REF-000149,48670.77,INV-89806,Horizon Tech,2025-03-26,EUR,CR,NTRY-000149,,48670.77,Horizon Tech,PMT-REF-000149,2025-03-26,2025-03-26,2025-03-26,EUR,CR,Direct Match - PMT-REF No E2E,DIRECT_P2
PSR-000150,PMT-REF-000150,27766.53,INV-82384,Pinnacle Group,2025-02-20,USD,CR,NTRY-000150,,27766.53,Pinnacle Group,PMT-REF-000150,2025-02-20,2025-02-20,2025-02-20,USD,CR,Direct Match - PMT-REF No E2E,DIRECT_P2
PSR-000151,PMT-REF-000151,49616.73,INV-24871,Redwood Corp,2025-03-05,GBP,CR,NTRY-000151,,49616.73,Redwood Corp,PMT-REF-000151,2025-03-05,2025-03-05,2025-03-05,GBP,CR,Direct Match - PMT-REF No E2E,DIRECT_P2
PSR-000152,PMT-REF-000152,41691.09,INV-75323,Summit Industries,2025-10-09,GBP,CR,NTRY-000152,,41691.09,Summit Industries,PMT-REF-000152,2025-10-09,2025-10-09,2025-10-09,GBP,CR,Direct Match - PMT-REF No E2E,DIRECT_P2
PSR-000153,PMT-REF-000153,14034.53,INV-73242,Silver Stream Ltd,2025-05-13,EUR,CR,NTRY-000153,,14034.53,Silver Stream Ltd,PMT-REF-000153,2025-05-13,2025-05-13,2025-05-13,EUR,CR,Direct Match - PMT-REF No E2E,DIRECT_P2
PSR-000154,PMT-REF-000154,27787.62,INV-60277,Delta Commerce,2025-11-27,GBP,CR,NTRY-000154,,27787.62,Delta Commerce,PMT-REF-000154,2025-11-27,2025-11-27,2025-11-27,GBP,CR,Direct Match - PMT-REF No E2E,DIRECT_P2
PSR-000155,PMT-REF-000155,37441.48,INV-27892,Global Logistics,2025-06-02,EUR,CR,NTRY-000155,,37441.48,Global Logistics,PMT-REF-000155,2025-06-02,2025-06-02,2025-06-02,EUR,CR,Direct Match - PMT-REF No E2E,DIRECT_P2
PSR-000156,PMT-REF-000156,17323.82,INV-76550,Sterling Partners,2025-01-02,EUR,CR,NTRY-000156,,17323.82,Sterling Partners,INV-76550,2025-01-02,2025-01-02,2025-01-02,EUR,CR,Direct Match - Invoice No E2E No PMT-REF,DIRECT_P3
PSR-000157,PMT-REF-000157,36439.52,INV-86931,Cascade Trading,2025-09-27,USD,CR,NTRY-000157,,36439.52,Cascade Trading,INV-86931,2025-09-27,2025-09-27,2025-09-27,USD,CR,Direct Match - Invoice No E2E No PMT-REF,DIRECT_P3
PSR-000158,PMT-REF-000158,22604.1,INV-73483,Coastal Ventures,2025-07-03,GBP,CR,NTRY-000158,,22604.1,Coastal Ventures,INV-73483,2025-07-03,2025-07-03,2025-07-03,GBP,CR,Direct Match - Invoice No E2E No PMT-REF,DIRECT_P3
PSR-000159,PMT-REF-000159,38262.2,INV-59441,Redwood Corp,2025-06-25,USD,CR,NTRY-000159,,38262.2,Redwood Corp,INV-59441,2025-06-25,2025-06-25,2025-06-25,USD,CR,Direct Match - Invoice No E2E No PMT-REF,DIRECT_P3
PSR-000160,PMT-REF-000160,49048.34,INV-41300,Cascade Trading,2025-08-01,USD,CR,NTRY-000160,,49048.34,Cascade Trading,INV-41300,2025-08-01,2025-08-01,2025-08-01,USD,CR,Direct Match - Invoice No E2E No PMT-REF,DIRECT_P3
PSR-000161,PMT-REF-000161,42872.64,INV-63841,Blue Ocean Trading,2025-06-23,GBP,CR,NTRY-000161,,42872.64,Blue Ocean Trading,INV-63841,2025-06-23,2025-06-23,2025-06-23,GBP,CR,Direct Match - Invoice No E2E No PMT-REF,DIRECT_P3
PSR-000162,PMT-REF-000162,23912.32,INV-59968,Metro Supply Chain,2025-12-26,USD,CR,NTRY-000162,,23912.32,Metro Supply Chain,INV-59968,2025-12-26,2025-12-26,2025-12-26,USD,CR,Direct Match - Invoice No E2E No PMT-REF,DIRECT_P3
PSR-000163,PMT-REF-000163,25018.77,INV-14852,Northern Star Corp,2025-10-06,GBP,CR,NTRY-000163,,25018.77,Northern Star Corp,INV-14852,2025-10-06,2025-10-06,2025-10-06,GBP,CR,Direct Match - Invoice No E2E No PMT-REF,DIRECT_P3
PSR-000164,PMT-REF-000164,16933.74,INV-23154,Redwood Corp,2025-02-24,GBP,CR,NTRY-000164,,16933.74,Redwood Corp,INV-23154,2025-02-24,2025-02-24,2025-02-24,GBP,CR,Direct Match - Invoice No E2E No PMT-REF,DIRECT_P3
PSR-000165,PMT-REF-000165,45566.86,INV-12011,Northern Star Corp,2025-08-14,GBP,CR,NTRY-000165,,45566.86,Northern Star Corp,INV-12011,2025-08-14,2025-08-14,2025-08-14,GBP,CR,Direct Match - Invoice No E2E No PMT-REF,DIRECT_P3
PSR-000166,PMT-REF-000166,48512.86,INV-19807,Silver Stream Ltd,2025-05-24,EUR,CR,NTRY-000166,,48512.86,Silver Stream Ltd,INV-19807,2025-05-24,2025-05-24,2025-05-24,EUR,CR,Direct Match - Invoice No E2E No PMT-REF,DIRECT_P3
PSR-000167,PMT-REF-000167,31351.34,INV-62098,Global Logistics,2025-07-01,GBP,CR,NTRY-000167,,31351.34,Global Logistics,INV-62098,2025-07-01,2025-07-01,2025-07-01,GBP,CR,Direct Match - Invoice No E2E No PMT-REF,DIRECT_P3
PSR-000168,PMT-REF-000168,43037.44,INV-59808,Apex Distribution,2025-12-13,GBP,CR,NTRY-000168,,43037.44,Apex Distribution,INV-59808,2025-12-13,2025-12-13,2025-12-13,GBP,CR,Direct Match - Invoice No E2E No PMT-REF,DIRECT_P3
PSR-000169,PMT-REF-000169,44428.21,INV-73956,Vista Industries,2025-01-19,GBP,CR,NTRY-000169,,44428.21,Vista Industries,INV-73956,2025-01-19,2025-01-19,2025-01-19,GBP,CR,Direct Match - Invoice No E2E No PMT-REF,DIRECT_P3
PSR-000170,PMT-REF-000170,3886.83,INV-92727,Summit Industries,2025-05-05,GBP,CR,NTRY-000170,,3886.83,Summit Industries,INV-92727,2025-05-05,2025-05-05,2025-05-05,GBP,CR,Direct Match - Invoice No E2E No PMT-REF,DIRECT_P3
PSR-000171,PMT-REF-000171,4973.78,INV-22903,Pacific Imports,2025-09-04,USD,CR,NTRY-000171,PMT-REF-000171,4939.08,Pacific Imports,PMT-REF-000171 INV-22903,2025-09-04,2025-09-04,2025-09-04,USD,CR,Short Ledger - E2E ID Minor Variance,SHORT_LEDGER_P1_P7
PSR-000172,PMT-REF-000172,2776.55,INV-17355,Summit Industries,2025-07-16,EUR,CR,NTRY-000172,PMT-REF-000172,2755.01,Summit Industries,PMT-REF-000172 INV-17355,2025-07-16,2025-07-16,2025-07-16,EUR,CR,Short Ledger - E2E ID Minor Variance,SHORT_LEDGER_P1_P7
PSR-000173,PMT-REF-000173,26792.73,INV-84177,Sunrise Financial,2025-04-04,USD,CR,NTRY-000173,PMT-REF-000173,26796.69,Sunrise Financial,PMT-REF-000173 INV-84177,2025-04-04,2025-04-04,2025-04-04,USD,CR,Short Ledger - E2E ID Minor Variance,SHORT_LEDGER_P1_P7
PSR-000174,PMT-REF-000174,31175.66,INV-41566,Silver Stream Ltd,2025-11-19,USD,CR,NTRY-000174,PMT-REF-000174,31187.27,Silver Stream Ltd,PMT-REF-000174 INV-41566,2025-11-19,2025-11-19,2025-11-19,USD,CR,Short Ledger - E2E ID Minor Variance,SHORT_LEDGER_P1_P7
PSR-000175,PMT-REF-000175,23248.74,INV-97404,Acme Supply,2025-09-15,EUR,CR,NTRY-000175,PMT-REF-000175,23214.86,Acme Supply,PMT-REF-000175 INV-97404,2025-09-15,2025-09-15,2025-09-15,EUR,CR,Short Ledger - E2E ID Minor Variance,SHORT_LEDGER_P1_P7
PSR-000176,PMT-REF-000176,4156.16,INV-55293,Cascade Trading,2025-06-14,GBP,CR,NTRY-000176,PMT-REF-000176,4204.25,Cascade Trading,PMT-REF-000176 INV-55293,2025-06-14,2025-06-14,2025-06-14,GBP,CR,Short Ledger - E2E ID Minor Variance,SHORT_LEDGER_P1_P7
PSR-000177,PMT-REF-000177,23113.37,INV-49599,Delta Commerce,2025-08-01,EUR,CR,NTRY-000177,PMT-REF-000177,23118.71,Delta Commerce,PMT-REF-000177 INV-49599,2025-08-01,2025-08-01,2025-08-01,EUR,CR,Short Ledger - E2E ID Minor Variance,SHORT_LEDGER_P1_P7
PSR-000178,PMT-REF-000178,28810.17,INV-85341,Summit Industries,2025-06-12,USD,CR,NTRY-000178,PMT-REF-000178,28859.06,Summit Industries,PMT-REF-000178 INV-85341,2025-06-12,2025-06-12,2025-06-12,USD,CR,Short Ledger - E2E ID Minor Variance,SHORT_LEDGER_P1_P7
PSR-000179,PMT-REF-000179,14086.78,INV-84177,Blue Ocean Trading,2025-12-03,GBP,CR,NTRY-000179,PMT-REF-000179,14111.62,Blue Ocean Trading,PMT-REF-000179 INV-84177,2025-12-03,2025-12-03,2025-12-03,GBP,CR,Short Ledger - E2E ID Minor Variance,SHORT_LEDGER_P1_P7
PSR-000180,PMT-REF-000180,38899.18,INV-40162,Nexus Partners,2025-07-13,USD,CR,NTRY-000180,PMT-REF-000180,38931.01,Nexus Partners,PMT-REF-000180 INV-40162,2025-07-13,2025-07-13,2025-07-13,USD,CR,Short Ledger - E2E ID Minor Variance,SHORT_LEDGER_P1_P7
PSR-000181,PMT-REF-000181,34049.34,INV-96400,Northern Star Corp,2025-12-14,USD,CR,NTRY-000181,PMT-REF-000181,34004.18,Northern Star Corp,PMT-REF-000181 INV-96400,2025-12-14,2025-12-14,2025-12-14,USD,CR,Short Ledger - E2E ID Minor Variance,SHORT_LEDGER_P1_P7
PSR-000182,PMT-REF-000182,15792.18,INV-67779,Blue Ocean Trading,2025-11-17,EUR,CR,NTRY-000182,PMT-REF-000182,15755.57,Blue Ocean Trading,PMT-REF-000182 INV-67779,2025-11-17,2025-11-17,2025-11-17,EUR,CR,Short Ledger - E2E ID Minor Variance,SHORT_LEDGER_P1_P7
PSR-000183,PMT-REF-000183,45526.58,INV-52823,Pinnacle Group,2025-04-06,USD,CR,NTRY-000183,PMT-REF-000183,45533.2,Pinnacle Group,PMT-REF-000183 INV-52823,2025-04-06,2025-04-06,2025-04-06,USD,CR,Short Ledger - E2E ID Minor Variance,SHORT_LEDGER_P1_P7
PSR-000184,PMT-REF-000184,26777.19,INV-45720,Sunrise Financial,2025-05-20,EUR,CR,NTRY-000184,PMT-REF-000184,26825.55,Sunrise Financial,PMT-REF-000184 INV-45720,2025-05-20,2025-05-20,2025-05-20,EUR,CR,Short Ledger - E2E ID Minor Variance,SHORT_LEDGER_P1_P7
PSR-000185,PMT-REF-000185,37454.69,INV-54396,Pacific Imports,2025-09-16,USD,CR,NTRY-000185,PMT-REF-000185,37447.64,Pacific Imports,PMT-REF-000185 INV-54396,2025-09-16,2025-09-16,2025-09-16,USD,CR,Short Ledger - E2E ID Minor Variance,SHORT_LEDGER_P1_P7
PSR-000186,PMT-REF-000186,43076.96,INV-98395,Metro Supply Chain,2025-11-06,EUR,CR,NTRY-000186,,43081.48,Metro Supply Chain,INV-98395,2025-11-06,2025-11-06,2025-11-06,EUR,CR,Short Ledger - Invoice Minor Variance No E2E,SHORT_LEDGER_P3_P7
PSR-000187,PMT-REF-000187,1188.97,INV-80329,Pacific Imports,2025-09-09,EUR,CR,NTRY-000187,,1222.61,Pacific Imports,INV-80329,2025-09-09,2025-09-09,2025-09-09,EUR,CR,Short Ledger - Invoice Minor Variance No E2E,SHORT_LEDGER_P3_P7
PSR-000188,PMT-REF-000188,29435.72,INV-93695,Coastal Ventures,2025-02-28,GBP,CR,NTRY-000188,,29424.02,Coastal Ventures,INV-93695,2025-02-28,2025-02-28,2025-02-28,GBP,CR,Short Ledger - Invoice Minor Variance No E2E,SHORT_LEDGER_P3_P7
PSR-000189,PMT-REF-000189,31167.57,INV-83584,Apex Distribution,2025-12-05,USD,CR,NTRY-000189,,31199.95,Apex Distribution,INV-83584,2025-12-05,2025-12-05,2025-12-05,USD,CR,Short Ledger - Invoice Minor Variance No E2E,SHORT_LEDGER_P3_P7
PSR-000190,PMT-REF-000190,45514.69,INV-49608,Pinnacle Group,2025-03-04,USD,CR,NTRY-000190,,45512.41,Pinnacle Group,INV-49608,2025-03-04,2025-03-04,2025-03-04,USD,CR,Short Ledger - Invoice Minor Variance No E2E,SHORT_LEDGER_P3_P7
PSR-000191,PMT-REF-000191,15566.05,INV-74569,Pacific Imports,2025-02-22,USD,CR,NTRY-000191,,15521.69,Pacific Imports,INV-74569,2025-02-22,2025-02-22,2025-02-22,USD,CR,Short Ledger - Invoice Minor Variance No E2E,SHORT_LEDGER_P3_P7
PSR-000192,PMT-REF-000192,19737.97,INV-58629,Vista Industries,2025-08-19,GBP,CR,NTRY-000192,,19700.86,Vista Industries,INV-58629,2025-08-19,2025-08-19,2025-08-19,GBP,CR,Short Ledger - Invoice Minor Variance No E2E,SHORT_LEDGER_P3_P7
PSR-000193,PMT-REF-000193,44327.98,INV-95841,Pacific Imports,2025-09-27,GBP,CR,NTRY-000193,,44348.39,Pacific Imports,INV-95841,2025-09-27,2025-09-27,2025-09-27,GBP,CR,Short Ledger - Invoice Minor Variance No E2E,SHORT_LEDGER_P3_P7
PSR-000194,PMT-REF-000194,2119.46,INV-58566,Delta Commerce,2025-09-04,EUR,CR,NTRY-000194,,2166.98,Delta Commerce,INV-58566,2025-09-04,2025-09-04,2025-09-04,EUR,CR,Short Ledger - Invoice Minor Variance No E2E,SHORT_LEDGER_P3_P7
PSR-000195,PMT-REF-000195,5418.05,INV-99873,Coastal Ventures,2025-10-27,GBP,CR,NTRY-000195,,5435.99,Coastal Ventures,INV-99873,2025-10-27,2025-10-27,2025-10-27,GBP,CR,Short Ledger - Invoice Minor Variance No E2E,SHORT_LEDGER_P3_P7
PSR-000196,PMT-REF-000196,14156.13,INV-26011,Redwood Corp,2025-02-19,GBP,CR,NTRY-000196,,14145.52,Redwood Corp,INV-26011,2025-02-19,2025-02-19,2025-02-19,GBP,CR,Short Ledger - Invoice Minor Variance No E2E,SHORT_LEDGER_P3_P7
PSR-000197,PMT-REF-000197,3003.64,INV-53713,Horizon Tech,2025-03-09,GBP,CR,NTRY-000197,,2993.37,Horizon Tech,INV-53713,2025-03-09,2025-03-09,2025-03-09,GBP,CR,Short Ledger - Invoice Minor Variance No E2E,SHORT_LEDGER_P3_P7
PSR-000198,PMT-REF-000198,29525.96,INV-40539,Apex Distribution,2025-03-20,GBP,CR,NTRY-000198,,29525.81,Apex Distribution,INV-40539,2025-03-20,2025-03-20,2025-03-20,GBP,CR,Short Ledger - Invoice Minor Variance No E2E,SHORT_LEDGER_P3_P7
PSR-000199,PMT-REF-000199,49382.6,INV-80807,Sterling Partners,2025-04-06,USD,CR,NTRY-000199,,49349.55,Sterling Partners,INV-80807,2025-04-06,2025-04-06,2025-04-06,USD,CR,Short Ledger - Invoice Minor Variance No E2E,SHORT_LEDGER_P3_P7
PSR-000200,PMT-REF-000200,7024.26,INV-56955,Horizon Tech,2025-11-22,EUR,CR,NTRY-000200,,7025.06,Horizon Tech,INV-56955,2025-11-22,2025-11-22,2025-11-22,EUR,CR,Short Ledger - Invoice Minor Variance No E2E,SHORT_LEDGER_P3_P7
PSR-000201,PMT-REF-000201,3093.75,INV-65176,Global Logistics,2025-10-18,USD,CR,NTRY-000201,BNK-73920651,3093.75,,Settlement for Freight Transport Partners,2025-10-18,2025-10-18,2025-10-18,USD,CR,AI Match - Semantic Embeddings,AI_SEMANTIC
PSR-000202,PMT-REF-000202,22689.62,INV-57453,Pacific Imports,2025-10-11,GBP,CR,NTRY-000202,,22689.62,,International Cargo Delivery Payment,2025-10-11,2025-10-11,2025-10-11,GBP,CR,AI Match - Semantic Embeddings,AI_SEMANTIC
PSR-000203,PMT-REF-000203,25440.02,INV-90623,Northern Star Corp,2025-01-23,GBP,CR,NTRY-000203,BNK-98436473,25440.02,,Arctic Supply Chain Remittance,2025-01-23,2025-01-23,2025-01-23,GBP,CR,AI Match - Semantic Embeddings,AI_SEMANTIC
PSR-000204,PMT-REF-000204,26311.84,INV-70036,Sunrise Financial,2025-12-22,USD,CR,NTRY-000204,,26311.84,,Morning Capital Markets Settlement,2025-12-22,2025-12-22,2025-12-22,USD,CR,AI Match - Semantic Embeddings,AI_SEMANTIC
PSR-000205,PMT-REF-000205,24209.6,INV-62640,Delta Commerce,2025-08-23,GBP,CR,NTRY-000205,,24209.6,,River Trade Exchange Remittance,2025-08-23,2025-08-23,2025-08-23,GBP,CR,AI Match - Semantic Embeddings,AI_SEMANTIC
PSR-000206,PMT-REF-000206,35763.87,INV-68138,Horizon Tech,2025-02-10,USD,CR,NTRY-000206,,35763.87,,Future Technology Solutions Payment,2025-02-10,2025-02-10,2025-02-10,USD,CR,AI Match - Semantic Embeddings,AI_SEMANTIC
PSR-000207,PMT-REF-000207,7842.52,INV-26540,Sterling Partners,2025-06-01,GBP,CR,NTRY-000207,BNK-83599154,7842.52,,Silver Alliance Business Settlement,2025-06-01,2025-06-01,2025-06-01,GBP,CR,AI Match - Semantic Embeddings,AI_SEMANTIC
PSR-000208,PMT-REF-000208,35751.56,INV-59925,Summit Industries,2025-11-26,GBP,CR,NTRY-000208,,35751.56,,Mountain Peak Manufacturing Remittance,2025-11-26,2025-11-26,2025-11-26,GBP,CR,AI Match - Semantic Embeddings,AI_SEMANTIC
PSR-000209,PMT-REF-000209,25524.78,INV-66387,Apex Distribution,2025-02-23,GBP,CR,NTRY-000209,,25524.78,,Premier Warehouse Logistics Settlement,2025-02-23,2025-02-23,2025-02-23,GBP,CR,AI Match - Semantic Embeddings,AI_SEMANTIC
PSR-000210,PMT-REF-000210,32908.29,INV-82264,Coastal Ventures,2025-04-27,EUR,CR,NTRY-000210,,32908.29,,Shoreline Commerce Operations Payment,2025-04-27,2025-04-27,2025-04-27,EUR,CR,AI Match - Semantic Embeddings,AI_SEMANTIC
PSR-000211,PMT-REF-000211,11810.43,INV-54424,Metro Supply Chain,2025-09-09,EUR,CR,NTRY-000211,,11810.43,,Urban Distribution Network Settlement,2025-09-09,2025-09-09,2025-09-09,EUR,CR,AI Match - Semantic Embeddings,AI_SEMANTIC
PSR-000212,PMT-REF-000212,5206.75,INV-65936,Pinnacle Group,2025-06-21,GBP,CR,NTRY-000212,,5206.75,,Elite Associates Business Remittance,2025-06-21,2025-06-21,2025-06-21,GBP,CR,AI Match - Semantic Embeddings,AI_SEMANTIC
PSR-000213,PMT-REF-000213,47702.83,INV-72163,Redwood Corp,2025-02-07,USD,CR,NTRY-000213,BNK-22513132,47702.83,,Timber Industry Operations Payment,2025-02-07,2025-02-07,2025-02-07,USD,CR,AI Match - Semantic Embeddings,AI_SEMANTIC
PSR-000214,PMT-REF-000214,21877.89,INV-58843,Silver Stream Ltd,2025-03-11,GBP,CR,NTRY-000214,,21877.89,,Crystal Flow Trading Settlement,2025-03-11,2025-03-11,2025-03-11,GBP,CR,AI Match - Semantic Embeddings,AI_SEMANTIC
PSR-000215,PMT-REF-000215,47852.92,INV-83620,Quantum Solutions,2025-07-01,GBP,CR,NTRY-000215,,47852.92,,Advanced Computing Systems Remittance,2025-07-01,2025-07-01,2025-07-01,GBP,CR,AI Match - Semantic Embeddings,AI_SEMANTIC
PSR-000216,PMT-REF-000216,18003.1,INV-97207,Vista Industries,2025-08-21,GBP,CR,NTRY-000216,,18003.1,,Panoramic Manufacturing Payment,2025-08-21,2025-08-21,2025-08-21,GBP,CR,AI Match - Semantic Embeddings,AI_SEMANTIC
PSR-000217,PMT-REF-000217,14737.66,INV-50953,Cascade Trading,2025-07-13,USD,CR,NTRY-000217,,14737.66,,Waterfall Commerce Remittance,2025-07-13,2025-07-13,2025-07-13,USD,CR,AI Match - Semantic Embeddings,AI_SEMANTIC
PSR-000218,PMT-REF-000218,11030.57,INV-96079,Nexus Partners,2025-09-23,USD,CR,NTRY-000218,BNK-56991504,11030.57,,Connected Business Solutions Payment,2025-09-23,2025-09-23,2025-09-23,USD,CR,AI Match - Semantic Embeddings,AI_SEMANTIC
PSR-000219,PMT-REF-000219,42345.98,INV-58176,Acme Supply,2025-03-03,EUR,CR,NTRY-000219,,42345.98,,Standard Materials Provision Settlement,2025-03-03,2025-03-03,2025-03-03,EUR,CR,AI Match - Semantic Embeddings,AI_SEMANTIC
PSR-000220,PMT-REF-000220,40457.46,INV-83526,Blue Ocean Trading,2025-12-11,GBP,CR,NTRY-000220,BNK-84724345,40457.46,,Maritime Commerce Operations Remittance,2025-12-11,2025-12-11,2025-12-11,GBP,CR,AI Match - Semantic Embeddings,AI_SEMANTIC
PSR-000221,PMT-REF-000221,1799.56,INV-96223,Global Logistics,2025-05-25,USD,CR,NTRY-000221,,1799.56,,Settlement for Freight Transport Partners,2025-05-25,2025-05-25,2025-05-25,USD,CR,AI Match - Semantic Embeddings,AI_SEMANTIC
PSR-000222,PMT-REF-000222,35283.59,INV-50499,Pacific Imports,2025-07-06,EUR,CR,NTRY-000222,,35283.59,,International Cargo Delivery Payment,2025-07-06,2025-07-06,2025-07-06,EUR,CR,AI Match - Semantic Embeddings,AI_SEMANTIC
PSR-000223,PMT-REF-000223,43558.2,INV-84228,Northern Star Corp,2025-08-10,USD,CR,NTRY-000223,,43558.2,,Arctic Supply Chain Remittance,2025-08-10,2025-08-10,2025-08-10,USD,CR,AI Match - Semantic Embeddings,AI_SEMANTIC
PSR-000224,PMT-REF-000224,31842.01,INV-14018,Sunrise Financial,2025-02-19,GBP,CR,NTRY-000224,,31842.01,,Morning Capital Markets Settlement,2025-02-19,2025-02-19,2025-02-19,GBP,CR,AI Match - Semantic Embeddings,AI_SEMANTIC
PSR-000225,PMT-REF-000225,19121.62,INV-69460,Delta Commerce,2025-07-07,USD,CR,NTRY-000225,,19121.62,,River Trade Exchange Remittance,2025-07-07,2025-07-07,2025-07-07,USD,CR,AI Match - Semantic Embeddings,AI_SEMANTIC
PSR-000226,PMT-REF-000226,36219.0,INV-84395,Horizon Tech,2025-11-26,USD,CR,NTRY-000226,BNK-30881581,36219.0,,Future Technology Solutions Payment,2025-11-26,2025-11-26,2025-11-26,USD,CR,AI Match - Semantic Embeddings,AI_SEMANTIC
PSR-000227,PMT-REF-000227,8291.79,INV-90981,Sterling Partners,2025-01-26,GBP,CR,NTRY-000227,,8291.79,,Silver Alliance Business Settlement,2025-01-26,2025-01-26,2025-01-26,GBP,CR,AI Match - Semantic Embeddings,AI_SEMANTIC
PSR-000228,PMT-REF-000228,22434.09,INV-65576,Summit Industries,2025-09-25,GBP,CR,NTRY-000228,,22434.09,,Mountain Peak Manufacturing Remittance,2025-09-25,2025-09-25,2025-09-25,GBP,CR,AI Match - Semantic Embeddings,AI_SEMANTIC
PSR-000229,PMT-REF-000229,14021.76,INV-77154,Apex Distribution,2025-03-03,EUR,CR,NTRY-000229,,14021.76,,Premier Warehouse Logistics Settlement,2025-03-03,2025-03-03,2025-03-03,EUR,CR,AI Match - Semantic Embeddings,AI_SEMANTIC
PSR-000230,PMT-REF-000230,14520.7,INV-98930,Coastal Ventures,2025-11-24,EUR,CR,NTRY-000230,,14520.7,,Shoreline Commerce Operations Payment,2025-11-24,2025-11-24,2025-11-24,EUR,CR,AI Match - Semantic Embeddings,AI_SEMANTIC
PSR-000231,PMT-REF-000231,15766.76,INV-38903,Metro Supply Chain,2025-08-07,GBP,CR,NTRY-000231,,15766.76,,Urban Distribution Network Settlement,2025-08-07,2025-08-07,2025-08-07,GBP,CR,AI Match - Semantic Embeddings,AI_SEMANTIC
PSR-000232,PMT-REF-000232,10618.94,INV-37686,Pinnacle Group,2025-03-15,EUR,CR,NTRY-000232,,10618.94,,Elite Associates Business Remittance,2025-03-15,2025-03-15,2025-03-15,EUR,CR,AI Match - Semantic Embeddings,AI_SEMANTIC
PSR-000233,PMT-REF-000233,6439.23,INV-75193,Redwood Corp,2025-08-25,USD,CR,NTRY-000233,,6439.23,,Timber Industry Operations Payment,2025-08-25,2025-08-25,2025-08-25,USD,CR,AI Match - Semantic Embeddings,AI_SEMANTIC
PSR-000234,PMT-REF-000234,26862.83,INV-40161,Silver Stream Ltd,2025-10-05,GBP,CR,NTRY-000234,BNK-57535513,26862.83,,Crystal Flow Trading Settlement,2025-10-05,2025-10-05,2025-10-05,GBP,CR,AI Match - Semantic Embeddings,AI_SEMANTIC
PSR-000235,PMT-REF-000235,4067.74,INV-15544,Quantum Solutions,2025-08-28,USD,CR,NTRY-000235,,4067.74,,Advanced Computing Systems Remittance,2025-08-28,2025-08-28,2025-08-28,USD,CR,AI Match - Semantic Embeddings,AI_SEMANTIC
PSR-000236,PMT-REF-000236,4354.2,INV-51033,Vista Industries,2025-11-15,EUR,CR,NTRY-000236,,4354.2,,Panoramic Manufacturing Payment,2025-11-15,2025-11-15,2025-11-15,EUR,CR,AI Match - Semantic Embeddings,AI_SEMANTIC
PSR-000237,PMT-REF-000237,35620.2,INV-64747,Cascade Trading,2025-06-09,USD,CR,NTRY-000237,,35620.2,,Waterfall Commerce Remittance,2025-06-09,2025-06-09,2025-06-09,USD,CR,AI Match - Semantic Embeddings,AI_SEMANTIC
PSR-000238,PMT-REF-000238,48326.88,INV-32527,Nexus Partners,2025-12-09,EUR,CR,NTRY-000238,BNK-58567046,48326.88,,Connected Business Solutions Payment,2025-12-09,2025-12-09,2025-12-09,EUR,CR,AI Match - Semantic Embeddings,AI_SEMANTIC
PSR-000239,PMT-REF-000239,4862.43,INV-23875,Acme Supply,2025-05-13,EUR,CR,NTRY-000239,,4862.43,,Standard Materials Provision Settlement,2025-05-13,2025-05-13,2025-05-13,EUR,CR,AI Match - Semantic Embeddings,AI_SEMANTIC
PSR-000240,PMT-REF-000240,26436.15,INV-61873,Blue Ocean Trading,2025-06-19,GBP,CR,NTRY-000240,,26436.15,,Maritime Commerce Operations Remittance,2025-06-19,2025-06-19,2025-06-19,GBP,CR,AI Match - Semantic Embeddings,AI_SEMANTIC
PSR-000241,PMT-REF-000241,16986.9,INV-32037,Global Logistics,2025-02-12,GBP,CR,NTRY-000241,BNK-81216573,16986.9,,Settlement for Freight Transport Partners,2025-02-12,2025-02-12,2025-02-12,GBP,CR,AI Match - Semantic Embeddings,AI_SEMANTIC
PSR-000242,PMT-REF-000242,25742.63,INV-55793,Pacific Imports,2025-07-12,GBP,CR,NTRY-000242,BNK-96629889,25742.63,,International Cargo Delivery Payment,2025-07-12,2025-07-12,2025-07-12,GBP,CR,AI Match - Semantic Embeddings,AI_SEMANTIC
PSR-000243,PMT-REF-000243,40844.33,INV-40968,Northern Star Corp,2025-02-25,USD,CR,NTRY-000243,,40844.33,,Arctic Supply Chain Remittance,2025-02-25,2025-02-25,2025-02-25,USD,CR,AI Match - Semantic Embeddings,AI_SEMANTIC
PSR-000244,PMT-REF-000244,9088.2,INV-30036,Sunrise Financial,2025-12-28,USD,CR,NTRY-000244,,9088.2,,Morning Capital Markets Settlement,2025-12-28,2025-12-28,2025-12-28,USD,CR,AI Match - Semantic Embeddings,AI_SEMANTIC
PSR-000245,PMT-REF-000245,38755.98,INV-74764,Delta Commerce,2025-09-14,GBP,CR,NTRY-000245,BNK-70251043,38755.98,,River Trade Exchange Remittance,2025-09-14,2025-09-14,2025-09-14,GBP,CR,AI Match - Semantic Embeddings,AI_SEMANTIC
PSR-000246,PMT-REF-000246,34216.11,INV-83989,Horizon Tech,2025-12-22,GBP,CR,NTRY-000246,BNK-53380275,34216.11,,Future Technology Solutions Payment,2025-12-22,2025-12-22,2025-12-22,GBP,CR,AI Match - Semantic Embeddings,AI_SEMANTIC
PSR-000247,PMT-REF-000247,43280.22,INV-92210,Sterling Partners,2025-06-22,USD,CR,NTRY-000247,,43280.22,,Silver Alliance Business Settlement,2025-06-22,2025-06-22,2025-06-22,USD,CR,AI Match - Semantic Embeddings,AI_SEMANTIC
PSR-000248,PMT-REF-000248,23711.59,INV-92756,Summit Industries,2025-06-16,EUR,CR,NTRY-000248,,23711.59,,Mountain Peak Manufacturing Remittance,2025-06-16,2025-06-16,2025-06-16,EUR,CR,AI Match - Semantic Embeddings,AI_SEMANTIC
PSR-000249,PMT-REF-000249,17921.14,INV-19724,Apex Distribution,2025-06-19,EUR,CR,NTRY-000249,,17921.14,,Premier Warehouse Logistics Settlement,2025-06-19,2025-06-19,2025-06-19,EUR,CR,AI Match - Semantic Embeddings,AI_SEMANTIC
PSR-000250,PMT-REF-000250,3316.06,INV-47627,Coastal Ventures,2025-02-12,GBP,CR,NTRY-000250,BNK-22119391,3316.06,,Shoreline Commerce Operations Payment,2025-02-12,2025-02-12,2025-02-12,GBP,CR,AI Match - Semantic Embeddings,AI_SEMANTIC
PSR-000251,PMT-REF-000251,30942.92,INV-76462,Global Logistics,2025-08-01,EUR,CR,NTRY-000251,,30945.33,,Freight Settlement from Logistics Partner,2025-08-01,2025-08-01,2025-08-01,EUR,CR,AI Match - LLM Adjudication,AI_LLM_MATCH
PSR-000251,PMT-REF-000251,30942.92,INV-76462,Global Logistics,2025-08-01,EUR,CR,NTRY-000252,,30945.33,,Treasury Management Service Fee,2025-08-01,2025-08-01,2025-08-01,EUR,CR,AI Match - LLM Adjudication,AI_LLM_NOISE
PSR-000251,PMT-REF-000251,30942.92,INV-76462,Global Logistics,2025-08-01,EUR,CR,NTRY-000253,,30945.33,,Nostro Account Maintenance Charge,2025-08-01,2025-08-01,2025-08-01,EUR,CR,AI Match - LLM Adjudication,AI_LLM_NOISE
PSR-000251,PMT-REF-000251,30942.92,INV-76462,Global Logistics,2025-08-01,EUR,CR,NTRY-000254,,30945.33,,Monthly Account Maintenance Fee,2025-08-01,2025-08-01,2025-08-01,EUR,CR,AI Match - LLM Adjudication,AI_LLM_NOISE
PSR-000251,PMT-REF-000251,30942.92,INV-76462,Global Logistics,2025-08-01,EUR,CR,NTRY-000255,,30945.33,,Cross-Border Settlement Charge,2025-08-01,2025-08-01,2025-08-01,EUR,CR,AI Match - LLM Adjudication,AI_LLM_NOISE
PSR-000252,PMT-REF-000252,45497.97,INV-84928,Pacific Imports,2025-12-26,USD,CR,NTRY-000256,,45492.62,,Import Cargo Delivery Payment,2025-12-26,2025-12-26,2025-12-26,USD,CR,AI Match - LLM Adjudication,AI_LLM_MATCH
PSR-000252,PMT-REF-000252,45497.97,INV-84928,Pacific Imports,2025-12-26,USD,CR,NTRY-000257,,45492.62,,Cross-Border Settlement Charge,2025-12-26,2025-12-26,2025-12-26,USD,CR,AI Match - LLM Adjudication,AI_LLM_NOISE
PSR-000252,PMT-REF-000252,45497.97,INV-84928,Pacific Imports,2025-12-26,USD,CR,NTRY-000258,,45492.62,,Correspondent Bank Service Fee,2025-12-26,2025-12-26,2025-12-26,USD,CR,AI Match - LLM Adjudication,AI_LLM_NOISE
PSR-000252,PMT-REF-000252,45497.97,INV-84928,Pacific Imports,2025-12-26,USD,CR,NTRY-000259,,45492.62,,Incoming Wire Transfer Fee,2025-12-26,2025-12-26,2025-12-26,USD,CR,AI Match - LLM Adjudication,AI_LLM_NOISE
PSR-000252,PMT-REF-000252,45497.97,INV-84928,Pacific Imports,2025-12-26,USD,CR,NTRY-000260,,45492.62,,Monthly Account Maintenance Fee,2025-12-26,2025-12-26,2025-12-26,USD,CR,AI Match - LLM Adjudication,AI_LLM_NOISE
PSR-000253,PMT-REF-000253,22800.89,INV-55015,Northern Star Corp,2025-02-16,GBP,CR,NTRY-000261,,22805.27,,Arctic Commerce Remittance,2025-02-16,2025-02-16,2025-02-16,GBP,CR,AI Match - LLM Adjudication,AI_LLM_MATCH
PSR-000253,PMT-REF-000253,22800.89,INV-55015,Northern Star Corp,2025-02-16,GBP,CR,NTRY-000262,,22805.27,,Monthly Account Maintenance Fee,2025-02-16,2025-02-16,2025-02-16,GBP,CR,AI Match - LLM Adjudication,AI_LLM_NOISE
PSR-000253,PMT-REF-000253,22800.89,INV-55015,Northern Star Corp,2025-02-16,GBP,CR,NTRY-000263,,22805.27,,Foreign Currency Conversion Fee,2025-02-16,2025-02-16,2025-02-16,GBP,CR,AI Match - LLM Adjudication,AI_LLM_NOISE
PSR-000253,PMT-REF-000253,22800.89,INV-55015,Northern Star Corp,2025-02-16,GBP,CR,NTRY-000264,,22805.27,,Nostro Account Maintenance Charge,2025-02-16,2025-02-16,2025-02-16,GBP,CR,AI Match - LLM Adjudication,AI_LLM_NOISE
PSR-000253,PMT-REF-000253,22800.89,INV-55015,Northern Star Corp,2025-02-16,GBP,CR,NTRY-000265,,22805.27,,Cross-Border Settlement Charge,2025-02-16,2025-02-16,2025-02-16,GBP,CR,AI Match - LLM Adjudication,AI_LLM_NOISE
PSR-000254,PMT-REF-000254,49553.81,INV-78690,Sunrise Financial,2025-10-16,GBP,CR,NTRY-000266,,49543.57,,Capital Market Investment Settlement,2025-10-16,2025-10-16,2025-10-16,GBP,CR,AI Match - LLM Adjudication,AI_LLM_MATCH
PSR-000254,PMT-REF-000254,49553.81,INV-78690,Sunrise Financial,2025-10-16,GBP,CR,NTRY-000267,,49543.57,,Overdraft Interest Charge,2025-10-16,2025-10-16,2025-10-16,GBP,CR,AI Match - LLM Adjudication,AI_LLM_NOISE
PSR-000254,PMT-REF-000254,49553.81,INV-78690,Sunrise Financial,2025-10-16,GBP,CR,NTRY-000268,,49543.57,,Annual Card Service Fee,2025-10-16,2025-10-16,2025-10-16,GBP,CR,AI Match - LLM Adjudication,AI_LLM_NOISE
PSR-000254,PMT-REF-000254,49553.81,INV-78690,Sunrise Financial,2025-10-16,GBP,CR,NTRY-000269,,49543.57,,Returned Payment Processing Fee,2025-10-16,2025-10-16,2025-10-16,GBP,CR,AI Match - LLM Adjudication,AI_LLM_NOISE
PSR-000254,PMT-REF-000254,49553.81,INV-78690,Sunrise Financial,2025-10-16,GBP,CR,NTRY-000270,,49543.57,,Treasury Management Service Fee,2025-10-16,2025-10-16,2025-10-16,GBP,CR,AI Match - LLM Adjudication,AI_LLM_NOISE
PSR-000255,PMT-REF-000255,38836.01,INV-98984,Delta Commerce,2025-11-27,USD,CR,NTRY-000271,,38844.69,,Trade Exchange Remittance,2025-11-27,2025-11-27,2025-11-27,USD,CR,AI Match - LLM Adjudication,AI_LLM_MATCH
PSR-000255,PMT-REF-000255,38836.01,INV-98984,Delta Commerce,2025-11-27,USD,CR,NTRY-000272,,38844.69,,Repo Interest Payment,2025-11-27,2025-11-27,2025-11-27,USD,CR,AI Match - LLM Adjudication,AI_LLM_NOISE
PSR-000255,PMT-REF-000255,38836.01,INV-98984,Delta Commerce,2025-11-27,USD,CR,NTRY-000273,,38844.69,,Overdraft Interest Charge,2025-11-27,2025-11-27,2025-11-27,USD,CR,AI Match - LLM Adjudication,AI_LLM_NOISE
PSR-000255,PMT-REF-000255,38836.01,INV-98984,Delta Commerce,2025-11-27,USD,CR,NTRY-000274,,38844.69,,SWIFT Interbank Charge,2025-11-27,2025-11-27,2025-11-27,USD,CR,AI Match - LLM Adjudication,AI_LLM_NOISE
PSR-000255,PMT-REF-000255,38836.01,INV-98984,Delta Commerce,2025-11-27,USD,CR,NTRY-000275,,38844.69,,Trade Finance Processing Fee,2025-11-27,2025-11-27,2025-11-27,USD,CR,AI Match - LLM Adjudication,AI_LLM_NOISE
PSR-000256,PMT-REF-000256,5178.04,INV-98916,Horizon Tech,2025-08-02,EUR,CR,NTRY-000276,,5170.6,,Technology Services Payment,2025-08-02,2025-08-02,2025-08-02,EUR,CR,AI Match - LLM Adjudication,AI_LLM_MATCH
PSR-000256,PMT-REF-000256,5178.04,INV-98916,Horizon Tech,2025-08-02,EUR,CR,NTRY-000277,,5170.6,,Trade Finance Processing Fee,2025-08-02,2025-08-02,2025-08-02,EUR,CR,AI Match - LLM Adjudication,AI_LLM_NOISE
PSR-000256,PMT-REF-000256,5178.04,INV-98916,Horizon Tech,2025-08-02,EUR,CR,NTRY-000278,,5170.6,,Repo Interest Payment,2025-08-02,2025-08-02,2025-08-02,EUR,CR,AI Match - LLM Adjudication,AI_LLM_NOISE
PSR-000256,PMT-REF-000256,5178.04,INV-98916,Horizon Tech,2025-08-02,EUR,CR,NTRY-000279,,5170.6,,Liquidity Management Fee,2025-08-02,2025-08-02,2025-08-02,EUR,CR,AI Match - LLM Adjudication,AI_LLM_NOISE
PSR-000256,PMT-REF-000256,5178.04,INV-98916,Horizon Tech,2025-08-02,EUR,CR,NTRY-000280,,5170.6,,Incoming Wire Transfer Fee,2025-08-02,2025-08-02,2025-08-02,EUR,CR,AI Match - LLM Adjudication,AI_LLM_NOISE
PSR-000257,PMT-REF-000257,17001.42,INV-86380,Sterling Partners,2025-03-17,EUR,CR,NTRY-000281,,16995.73,,Alliance Business Settlement,2025-03-17,2025-03-17,2025-03-17,EUR,CR,AI Match - LLM Adjudication,AI_LLM_MATCH
PSR-000257,PMT-REF-000257,17001.42,INV-86380,Sterling Partners,2025-03-17,EUR,CR,NTRY-000282,,16995.73,,Repo Interest Payment,2025-03-17,2025-03-17,2025-03-17,EUR,CR,AI Match - LLM Adjudication,AI_LLM_NOISE
PSR-000257,PMT-REF-000257,17001.42,INV-86380,Sterling Partners,2025-03-17,EUR,CR,NTRY-000283,,16995.73,,Nostro Account Maintenance Charge,2025-03-17,2025-03-17,2025-03-17,EUR,CR,AI Match - LLM Adjudication,AI_LLM_NOISE
PSR-000257,PMT-REF-000257,17001.42,INV-86380,Sterling Partners,2025-03-17,EUR,CR,NTRY-000284,,16995.73,,Electronic Funds Transfer Commission,2025-03-17,2025-03-17,2025-03-17,EUR,CR,AI Match - LLM Adjudication,AI_LLM_NOISE
PSR-000257,PMT-REF-000257,17001.42,INV-86380,Sterling Partners,2025-03-17,EUR,CR,NTRY-000285,,16995.73,,Returned Payment Processing Fee,2025-03-17,2025-03-17,2025-03-17,EUR,CR,AI Match - LLM Adjudication,AI_LLM_NOISE
PSR-000258,PMT-REF-000258,6883.11,INV-21104,Summit Industries,2025-06-19,GBP,CR,NTRY-000286,,6879.41,,Manufacturing Payment Remittance,2025-06-19,2025-06-19,2025-06-19,GBP,CR,AI Match - LLM Adjudication,AI_LLM_MATCH
PSR-000258,PMT-REF-000258,6883.11,INV-21104,Summit Industries,2025-06-19,GBP,CR,NTRY-000287,,6879.41,,Treasury Management Service Fee,2025-06-19,2025-06-19,2025-06-19,GBP,CR,AI Match - LLM Adjudication,AI_LLM_NOISE
PSR-000258,PMT-REF-000258,6883.11,INV-21104,Summit Industries,2025-06-19,GBP,CR,NTRY-000288,,6879.41,,Overdraft Interest Charge,2025-06-19,2025-06-19,2025-06-19,GBP,CR,AI Match - LLM Adjudication,AI_LLM_NOISE
PSR-000258,PMT-REF-000258,6883.11,INV-21104,Summit Industries,2025-06-19,GBP,CR,NTRY-000289,,6879.41,,Incoming Wire Transfer Fee,2025-06-19,2025-06-19,2025-06-19,GBP,CR,AI Match - LLM Adjudication,AI_LLM_NOISE
PSR-000258,PMT-REF-000258,6883.11,INV-21104,Summit Industries,2025-06-19,GBP,CR,NTRY-000290,,6879.41,,Repo Interest Payment,2025-06-19,2025-06-19,2025-06-19,GBP,CR,AI Match - LLM Adjudication,AI_LLM_NOISE
PSR-000259,PMT-REF-000259,35290.13,INV-99838,Apex Distribution,2025-10-18,USD,CR,NTRY-000291,,35294.51,,Distribution Centre Settlement,2025-10-18,2025-10-18,2025-10-18,USD,CR,AI Match - LLM Adjudication,AI_LLM_MATCH
PSR-000259,PMT-REF-000259,35290.13,INV-99838,Apex Distribution,2025-10-18,USD,CR,NTRY-000292,,35294.51,,Returned Payment Processing Fee,2025-10-18,2025-10-18,2025-10-18,USD,CR,AI Match - LLM Adjudication,AI_LLM_NOISE
PSR-000259,PMT-REF-000259,35290.13,INV-99838,Apex Distribution,2025-10-18,USD,CR,NTRY-000293,,35294.51,,Correspondent Bank Service Fee,2025-10-18,2025-10-18,2025-10-18,USD,CR,AI Match - LLM Adjudication,AI_LLM_NOISE
PSR-000259,PMT-REF-000259,35290.13,INV-99838,Apex Distribution,2025-10-18,USD,CR,NTRY-000294,,35294.51,,Overdraft Interest Charge,2025-10-18,2025-10-18,2025-10-18,USD,CR,AI Match - LLM Adjudication,AI_LLM_NOISE
PSR-000259,PMT-REF-000259,35290.13,INV-99838,Apex Distribution,2025-10-18,USD,CR,NTRY-000295,,35294.51,,Monthly Account Maintenance Fee,2025-10-18,2025-10-18,2025-10-18,USD,CR,AI Match - LLM Adjudication,AI_LLM_NOISE
PSR-000260,PMT-REF-000260,18448.58,INV-33627,Coastal Ventures,2025-04-26,EUR,CR,NTRY-000296,,18462.01,,Shoreline Business Payment,2025-04-26,2025-04-26,2025-04-26,EUR,CR,AI Match - LLM Adjudication,AI_LLM_MATCH
PSR-000260,PMT-REF-000260,18448.58,INV-33627,Coastal Ventures,2025-04-26,EUR,CR,NTRY-000297,,18462.01,,Cross-Border Settlement Charge,2025-04-26,2025-04-26,2025-04-26,EUR,CR,AI Match - LLM Adjudication,AI_LLM_NOISE
PSR-000260,PMT-REF-000260,18448.58,INV-33627,Coastal Ventures,2025-04-26,EUR,CR,NTRY-000298,,18462.01,,Foreign Currency Conversion Fee,2025-04-26,2025-04-26,2025-04-26,EUR,CR,AI Match - LLM Adjudication,AI_LLM_NOISE
PSR-000260,PMT-REF-000260,18448.58,INV-33627,Coastal Ventures,2025-04-26,EUR,CR,NTRY-000299,,18462.01,,Trade Finance Processing Fee,2025-04-26,2025-04-26,2025-04-26,EUR,CR,AI Match - LLM Adjudication,AI_LLM_NOISE
PSR-000260,PMT-REF-000260,18448.58,INV-33627,Coastal Ventures,2025-04-26,EUR,CR,NTRY-000300,,18462.01,,Incoming Wire Transfer Fee,2025-04-26,2025-04-26,2025-04-26,EUR,CR,AI Match - LLM Adjudication,AI_LLM_NOISE
PSR-000261,PMT-REF-000261,8169.79,INV-48770,Pacific Imports,2025-10-08,GBP,CR,,,,,,,,,,,No Match - In-Transit,UNMATCHED_PSR
PSR-000262,PMT-REF-000262,41838.43,INV-79013,Blue Ocean Trading,2025-07-05,GBP,CR,,,,,,,,,,,No Match - In-Transit,UNMATCHED_PSR
PSR-000263,PMT-REF-000263,6986.93,INV-59377,Northern Star Corp,2025-03-28,USD,CR,,,,,,,,,,,No Match - In-Transit,UNMATCHED_PSR
PSR-000264,PMT-REF-000264,41651.58,INV-91885,Sunrise Financial,2025-09-01,USD,CR,,,,,,,,,,,No Match - In-Transit,UNMATCHED_PSR
PSR-000265,PMT-REF-000265,20837.5,INV-98652,Horizon Tech,2025-09-04,GBP,CR,,,,,,,,,,,No Match - In-Transit,UNMATCHED_PSR
PSR-000266,PMT-REF-000266,14603.93,INV-68841,Horizon Tech,2025-10-22,USD,CR,,,,,,,,,,,No Match - In-Transit,UNMATCHED_PSR
PSR-000267,PMT-REF-000267,15818.66,INV-71474,Delta Commerce,2025-07-21,GBP,CR,,,,,,,,,,,No Match - In-Transit,UNMATCHED_PSR
PSR-000268,PMT-REF-000268,47382.94,INV-67749,Redwood Corp,2025-06-05,EUR,CR,,,,,,,,,,,No Match - In-Transit,UNMATCHED_PSR
PSR-000269,PMT-REF-000269,25393.88,INV-64874,Sunrise Financial,2025-04-19,GBP,CR,,,,,,,,,,,No Match - In-Transit,UNMATCHED_PSR
PSR-000270,PMT-REF-000270,7350.73,INV-42768,Blue Ocean Trading,2025-12-21,EUR,CR,,,,,,,,,,,No Match - In-Transit,UNMATCHED_PSR
PSR-000271,PMT-REF-000271,43768.79,INV-82684,Pacific Imports,2025-10-13,USD,CR,,,,,,,,,,,No Match - In-Transit,UNMATCHED_PSR
PSR-000272,PMT-REF-000272,14610.62,INV-31012,Sterling Partners,2025-09-07,GBP,CR,,,,,,,,,,,No Match - In-Transit,UNMATCHED_PSR
PSR-000273,PMT-REF-000273,7793.76,INV-67340,Global Logistics,2025-05-02,EUR,CR,,,,,,,,,,,No Match - In-Transit,UNMATCHED_PSR
PSR-000274,PMT-REF-000274,44289.17,INV-13495,Pinnacle Group,2025-01-28,EUR,CR,,,,,,,,,,,No Match - In-Transit,UNMATCHED_PSR
PSR-000275,PMT-REF-000275,25349.35,INV-40903,Metro Supply Chain,2025-02-14,EUR,CR,,,,,,,,,,,No Match - In-Transit,UNMATCHED_PSR
PSR-000276,PMT-REF-000276,11614.67,INV-51770,Pacific Imports,2025-12-25,EUR,CR,,,,,,,,,,,No Match - In-Transit,UNMATCHED_PSR
PSR-000277,PMT-REF-000277,39673.34,INV-28035,Blue Ocean Trading,2025-06-07,EUR,CR,,,,,,,,,,,No Match - In-Transit,UNMATCHED_PSR
PSR-000278,PMT-REF-000278,34955.56,INV-28191,Silver Stream Ltd,2025-09-06,GBP,CR,,,,,,,,,,,No Match - In-Transit,UNMATCHED_PSR
PSR-000279,PMT-REF-000279,759.93,INV-20384,Acme Supply,2025-05-20,USD,CR,,,,,,,,,,,No Match - In-Transit,UNMATCHED_PSR
PSR-000280,PMT-REF-000280,41830.67,INV-81932,Nexus Partners,2025-10-19,EUR,CR,,,,,,,,,,,No Match - In-Transit,UNMATCHED_PSR
PSR-000281,PMT-REF-000281,6003.75,INV-47762,Horizon Tech,2025-06-15,USD,CR,,,,,,,,,,,No Match - In-Transit,UNMATCHED_PSR
PSR-000282,PMT-REF-000282,2863.6,INV-65027,Nexus Partners,2025-09-11,USD,CR,,,,,,,,,,,No Match - In-Transit,UNMATCHED_PSR
PSR-000283,PMT-REF-000283,5987.47,INV-75513,Nexus Partners,2025-10-23,USD,CR,,,,,,,,,,,No Match - In-Transit,UNMATCHED_PSR
PSR-000284,PMT-REF-000284,31781.77,INV-85372,Horizon Tech,2025-03-18,EUR,CR,,,,,,,,,,,No Match - In-Transit,UNMATCHED_PSR
PSR-000285,PMT-REF-000285,21747.33,INV-90584,Coastal Ventures,2025-05-12,GBP,CR,,,,,,,,,,,No Match - In-Transit,UNMATCHED_PSR
PSR-000286,PMT-REF-000286,21120.1,INV-97080,Global Logistics,2025-10-17,EUR,CR,,,,,,,,,,,No Match - In-Transit,UNMATCHED_PSR
PSR-000287,PMT-REF-000287,3850.13,INV-78951,Vista Industries,2025-10-08,GBP,CR,,,,,,,,,,,No Match - In-Transit,UNMATCHED_PSR
PSR-000288,PMT-REF-000288,27930.52,INV-61177,Silver Stream Ltd,2025-01-23,GBP,CR,,,,,,,,,,,No Match - In-Transit,UNMATCHED_PSR
PSR-000289,PMT-REF-000289,19650.63,INV-58929,Sterling Partners,2025-01-09,EUR,CR,,,,,,,,,,,No Match - In-Transit,UNMATCHED_PSR
PSR-000290,PMT-REF-000290,39531.74,INV-55193,Horizon Tech,2025-12-14,USD,CR,,,,,,,,,,,No Match - In-Transit,UNMATCHED_PSR
,,,,,,,,NTRY-000301,,568.73,Bank,Monthly Account Maintenance Fee,2025-11-18,2025-11-18,2025-11-18,GBP,DR,No Match - Bank Only Item,UNMATCHED_CAMT
,,,,,,,,NTRY-000302,,267.46,Bank,SWIFT Message Charge,2025-03-13,2025-03-13,2025-03-13,USD,DR,No Match - Bank Only Item,UNMATCHED_CAMT
,,,,,,,,NTRY-000303,,135.44,Bank,Outgoing International Wire Transfer Fee,2025-07-06,2025-07-06,2025-07-06,GBP,DR,No Match - Bank Only Item,UNMATCHED_CAMT
,,,,,,,,NTRY-000304,,361.51,Bank,FX Conversion Commission,2025-09-14,2025-09-14,2025-09-14,GBP,DR,No Match - Bank Only Item,UNMATCHED_CAMT
,,,,,,,,NTRY-000305,,52.01,Bank,Annual Card Subscription Fee,2025-04-10,2025-04-10,2025-04-10,USD,DR,No Match - Bank Only Item,UNMATCHED_CAMT
,,,,,,,,NTRY-000306,,223.61,Bank,Overdraft Interest — Current Account,2025-09-11,2025-09-11,2025-09-11,USD,DR,No Match - Bank Only Item,UNMATCHED_CAMT
,,,,,,,,NTRY-000307,,664.91,Bank,Returned Cheque Processing Fee,2025-01-23,2025-01-23,2025-01-23,USD,DR,No Match - Bank Only Item,UNMATCHED_CAMT
,,,,,,,,NTRY-000308,,388.96,Bank,Stop Payment Administration Fee,2025-06-22,2025-06-22,2025-06-22,EUR,DR,No Match - Bank Only Item,UNMATCHED_CAMT
,,,,,,,,NTRY-000309,,193.72,Bank,Safe Deposit Box Annual Rental,2025-10-27,2025-10-27,2025-10-27,EUR,DR,No Match - Bank Only Item,UNMATCHED_CAMT
,,,,,,,,NTRY-000310,,218.15,Bank,SEPA Credit Transfer Fee,2025-12-24,2025-12-24,2025-12-24,USD,DR,No Match - Bank Only Item,UNMATCHED_CAMT
,,,,,,,,NTRY-000311,,252.28,Bank,Cross-Border Payment Processing Charge,2025-01-25,2025-01-25,2025-01-25,GBP,DR,No Match - Bank Only Item,UNMATCHED_CAMT
,,,,,,,,NTRY-000312,,330.53,Bank,Correspondent Banking Charge,2025-03-08,2025-03-08,2025-03-08,EUR,DR,No Match - Bank Only Item,UNMATCHED_CAMT
,,,,,,,,NTRY-000313,,332.6,Bank,FX Hedging Premium,2025-08-09,2025-08-09,2025-08-09,GBP,DR,No Match - Bank Only Item,UNMATCHED_CAMT
,,,,,,,,NTRY-000314,,730.42,Bank,Nostro Account Balance Charge,2025-08-02,2025-08-02,2025-08-02,EUR,DR,No Match - Bank Only Item,UNMATCHED_CAMT
,,,,,,,,NTRY-000315,,375.65,Bank,Vostro Account Maintenance Fee,2025-10-03,2025-10-03,2025-10-03,GBP,DR,No Match - Bank Only Item,UNMATCHED_CAMT
,,,,,,,,NTRY-000316,,601.86,Bank,Trade Finance Processing Fee,2025-10-14,2025-10-14,2025-10-14,EUR,DR,No Match - Bank Only Item,UNMATCHED_CAMT
,,,,,,,,NTRY-000317,,325.8,Bank,Letter of Credit Issuance Fee,2025-08-22,2025-08-22,2025-08-22,USD,DR,No Match - Bank Only Item,UNMATCHED_CAMT
,,,,,,,,NTRY-000318,,223.86,Bank,Documentary Collection Commission,2025-04-09,2025-04-09,2025-04-09,GBP,DR,No Match - Bank Only Item,UNMATCHED_CAMT
,,,,,,,,NTRY-000319,,249.3,Bank,Treasury Management Platform Fee,2025-02-25,2025-02-25,2025-02-25,USD,DR,No Match - Bank Only Item,UNMATCHED_CAMT
,,,,,,,,NTRY-000320,,337.21,Bank,Liquidity Pooling Service Fee,2025-06-12,2025-06-12,2025-06-12,EUR,DR,No Match - Bank Only Item,UNMATCHED_CAMT
,,,,,,,,NTRY-000321,,518.87,Bank,Interest on Overdrawn Balance,2025-08-23,2025-08-23,2025-08-23,USD,DR,No Match - Bank Only Item,UNMATCHED_CAMT
,,,,,,,,NTRY-000322,,36.55,Bank,Bank Guarantee Issuance Fee,2025-07-12,2025-07-12,2025-07-12,EUR,DR,No Match - Bank Only Item,UNMATCHED_CAMT
,,,,,,,,NTRY-000323,,748.62,Bank,Electronic Account Statement Fee,2025-07-13,2025-07-13,2025-07-13,GBP,DR,No Match - Bank Only Item,UNMATCHED_CAMT
,,,,,,,,NTRY-000324,,735.12,Bank,Online Banking Service Charge,2025-06-01,2025-06-01,2025-06-01,GBP,DR,No Match - Bank Only Item,UNMATCHED_CAMT
,,,,,,,,NTRY-000325,,505.03,Bank,Card Fraud Insurance Premium,2025-02-02,2025-02-02,2025-02-02,USD,DR,No Match - Bank Only Item,UNMATCHED_CAMT
,,,,,,,,NTRY-000326,,387.25,Bank,Account Dormancy Fee,2025-08-12,2025-08-12,2025-08-12,EUR,DR,No Match - Bank Only Item,UNMATCHED_CAMT
,,,,,,,,NTRY-000327,,111.37,Bank,Inward Telegraphic Transfer Commission,2025-03-26,2025-03-26,2025-03-26,USD,DR,No Match - Bank Only Item,UNMATCHED_CAMT
,,,,,,,,NTRY-000328,,587.08,Bank,Outward Telegraphic Transfer Fee,2025-12-04,2025-12-04,2025-12-04,GBP,DR,No Match - Bank Only Item,UNMATCHED_CAMT
,,,,,,,,NTRY-000329,,55.09,Bank,Currency Exchange Mark-up Charge,2025-01-18,2025-01-18,2025-01-18,USD,DR,No Match - Bank Only Item,UNMATCHED_CAMT
,,,,,,,,NTRY-000330,,274.8,Bank,Custody Services Annual Fee,2025-12-23,2025-12-23,2025-12-23,EUR,DR,No Match - Bank Only Item,UNMATCHED_CAMT
